,,,,,
https://dam.sothebys.com/dam/image/lot/f4e8c558-e691-4a87-9eb7-7b6ae0d136be/primary/extra_small,,,,,
https://dam.sothebys.com/dam/image/lot/3c24ba23-ee74-48d9-b029-93c1b918d00f/primary/extra_small,,,,,
https://dam.sothebys.com/dam/image/lot/5523edcf-3400-4302-8aa6-81bc9f88dc6c/primary/extra_small,,,,,
https://dam.sothebys.com/dam/image/lot/1361e7ac-4bda-41f1-a2a2-fa17a733254a/primary/extra_small,,,,,
https://dam.sothebys.com/dam/image/lot/fc333133-fb66-41d4-9c98-0814791b906d/primary/extra_small,,,,,
https://dam.sothebys.com/dam/image/lot/49ab25bb-8621-4539-b7ec-a627c52a00f5/primary/extra_small,,,,,
https://dam.sothebys.com/dam/image/lot/3835bffb-33f0-4b50-b0db-8d085e813684/primary/extra_small,,,,,
https://dam.sothebys.com/dam/image/lot/7489b9d5-3184-417f-b210-d07256deecad/primary/extra_small,,,,,
https://dam.sothebys.com/dam/image/lot/1a5e2dda-c18c-4613-ba45-5e64ca87976a/primary/extra_small,,,,,
https://dam.sothebys.com/dam/image/lot/729541ed-b12a-427a-822a-b3b9dd1b49a0/primary/extra_small,,,,,
https://dam.sothebys.com/dam/image/lot/e9d61bb6-9e95-4fef-a95c-81002b288172/primary/extra_small,,,,,
https://dam.sothebys.com/dam/image/lot/7366908c-331a-4ef4-b643-865041389e6a/primary/extra_small,,,,,
https://dam.sothebys.com/dam/image/lot/f642fc66-c7c9-4e92-b550-574cf80f5afd/primary/extra_small,,,,,
https://dam.sothebys.com/dam/image/lot/d569d96e-6bf6-4ffe-8440-7f779a55b54d/primary/extra_small,,,,,
https://dam.sothebys.com/dam/image/lot/986f986b-3f00-4edb-8fd0-dc7c4419374c/primary/extra_small,,,,,
https://dam.sothebys.com/dam/image/lot/e36f9a37-7f11-4bd6-8d37-8e8073f570d3/primary/extra_small,,,,,
https://dam.sothebys.com/dam/image/lot/99537bc0-6224-410f-8cef-43ccdf1a12e2/primary/extra_small,,,,,
https://dam.sothebys.com/dam/image/lot/1fa0f45c-e083-4098-a2cb-c33f879a95c3/primary/extra_small,,,,,
https://dam.sothebys.com/dam/image/lot/3bced5c9-6007-4179-b8e7-f0d76a3a6cfc/primary/extra_small,,,,,
https://dam.sothebys.com/dam/image/lot/17d9dad4-7b44-4242-8c94-6d01083b3774/primary/extra_small,,,,,
https://dam.sothebys.com/dam/image/lot/523bcf31-6791-4111-b16c-1654bf2712c8/primary/extra_small,,,,,
https://dam.sothebys.com/dam/image/lot/cca7e60b-fbf1-4c92-a54a-72bd8ed293aa/primary/extra_small,,,,,
https://dam.sothebys.com/dam/image/lot/efe4c4b5-0dc8-49f8-b20f-26cbbc0f0385/primary/extra_small,,,,,
https://dam.sothebys.com/dam/image/lot/490a2f4a-16f5-47e7-bede-71782d709934/primary/extra_small,,,,,
https://dam.sothebys.com/dam/image/lot/9dfaf7ac-7659-47ad-a1d4-c24d112c1559/primary/extra_small,,,,,
https://dam.sothebys.com/dam/image/lot/c21c15e2-d5f7-4907-a6ad-18a4a5b509c0/primary/extra_small,,,,,
https://dam.sothebys.com/dam/image/lot/af940097-581e-45ac-afb4-c8e926f5e339/primary/extra_small,,,,,
https://dam.sothebys.com/dam/image/lot/9c5f3e4b-ad19-434d-9e45-dfd2a6e9948c/primary/extra_small,,,,,
https://dam.sothebys.com/dam/image/lot/27d552dc-00fe-447a-9370-4698218d8074/primary/extra_small,,,,,
https://dam.sothebys.com/dam/image/lot/9eab2bb5-a62c-423f-85af-64897fc9b110/primary/extra_small,,,,,
https://dam.sothebys.com/dam/image/lot/b3d333d9-fd7a-4c9c-a0b6-a1f78e8a6c83/primary/extra_small,,,,,
https://dam.sothebys.com/dam/image/lot/0b31c021-0ffd-4fc9-a066-6c09cb9915a6/primary/extra_small,,,,,
https://dam.sothebys.com/dam/image/lot/8a653dcd-2ee6-41bd-bce1-33c66a3b711b/primary/extra_small,,,,,
https://dam.sothebys.com/dam/image/lot/b252672f-3df4-48d6-ab6a-260da9789470/primary/extra_small,,,,,
https://dam.sothebys.com/dam/image/lot/57c084bf-29b5-47a3-bf81-e592c13fc3ee/primary/extra_small,,,,,
https://dam.sothebys.com/dam/image/lot/5f801e40-ca4c-43d4-8ffd-b6ca19342d18/primary/extra_small,,,,,
https://dam.sothebys.com/dam/image/lot/db6dc79d-1bb7-494c-8caf-e3a997d599d5/primary/extra_small,,,,,
https://dam.sothebys.com/dam/image/lot/6a131576-129e-4d95-a13f-84cd5db3a412/primary/extra_small,,,,,
https://dam.sothebys.com/dam/image/lot/9ca8831f-d11d-4f21-a555-1f58b3b7ec73/primary/extra_small,,,,,
https://dam.sothebys.com/dam/image/lot/e40b6060-1297-4712-8e96-780ac738567d/primary/extra_small,,,,,
https://dam.sothebys.com/dam/image/lot/9e86f08f-1c13-4105-800d-7828e5a66b31/primary/extra_small,,,,,
https://dam.sothebys.com/dam/image/lot/64c9b55c-9eb2-4f28-a050-967cf7302062/primary/extra_small,,,,,
https://dam.sothebys.com/dam/image/lot/05334c17-0e4a-44ea-bdc1-06f6fd62748e/primary/extra_small,,,,,
https://dam.sothebys.com/dam/image/lot/927acd38-58b0-4735-9128-173f3c030fae/primary/extra_small,,,,,
https://dam.sothebys.com/dam/image/lot/4c505252-600c-44a2-b950-8b38e314a234/primary/extra_small,,,,,
https://dam.sothebys.com/dam/image/lot/a793cc83-4d06-46f0-96f3-79e0db2e97cb/primary/extra_small,,,,,
https://dam.sothebys.com/dam/image/lot/72450b2d-829b-47be-851c-2e3f52d11e23/primary/extra_small,,,,,
https://dam.sothebys.com/dam/image/lot/106e5175-1c97-486d-b27c-dcd0bb0cc734/primary/extra_small,,,,,
https://dam.sothebys.com/dam/image/lot/58860faa-6dd0-4562-97f8-34a96c5347be/primary/extra_small,,,,,
https://dam.sothebys.com/dam/image/lot/a6ea9f46-2968-4f48-a2ac-c96519989638/primary/extra_small,,,,,
https://dam.sothebys.com/dam/image/lot/4562538f-4530-4555-b37f-7a5f5e153a19/primary/extra_small,,,,,
https://dam.sothebys.com/dam/image/lot/2d99036e-3023-497a-b4f1-63fb771ac88d/primary/extra_small,,,,,
https://dam.sothebys.com/dam/image/lot/25989055-3962-4aa0-814d-1ee0e0fc4a2e/primary/extra_small,,,,,
https://dam.sothebys.com/dam/image/lot/50fae254-fb98-49ab-9ea9-0b9e8fa15270/primary/extra_small,,,,,
https://dam.sothebys.com/dam/image/lot/a4dccaeb-653b-4b7d-9e43-41a083e12a71/primary/extra_small,,,,,
https://dam.sothebys.com/dam/image/lot/6b3508bf-6057-480e-b24d-2017ad3384e0/primary/extra_small,,,,,
https://dam.sothebys.com/dam/image/lot/dfbb4bec-f646-4575-9e3c-6156c01d015a/primary/extra_small,,,,,
https://dam.sothebys.com/dam/image/lot/37326918-fc6f-42a2-b1bc-fda12c081278/primary/extra_small,,,,,
https://dam.sothebys.com/dam/image/lot/d3dcf8fe-3f28-4087-8e88-0495b0129aba/primary/extra_small,,,,,
https://dam.sothebys.com/dam/image/lot/165c08a1-e06a-48bb-9303-9995e63b4900/primary/extra_small,,,,,
https://dam.sothebys.com/dam/image/lot/52d9d29e-aefa-44fb-b289-7271830cd0f1/primary/extra_small,,,,,
https://dam.sothebys.com/dam/image/lot/fc112602-917e-4dc0-972d-49fec6094f1e/primary/extra_small,,,,,
https://dam.sothebys.com/dam/image/lot/6825275b-2546-4782-be01-06e2d4bfd522/primary/extra_small,,,,,
https://dam.sothebys.com/dam/image/lot/27a6c98a-bade-44ad-8065-1563da344459/primary/extra_small,,,,,
https://dam.sothebys.com/dam/image/lot/5f85226a-4c50-425d-9772-a7134436a70b/primary/extra_small,,,,,
https://dam.sothebys.com/dam/image/lot/55e1c09a-a0dc-4db8-ad31-ae5983325216/primary/extra_small,,,,,
https://dam.sothebys.com/dam/image/lot/03d8ef0a-2fc8-41f3-9730-1e5db68db0b8/primary/extra_small,,,,,
https://dam.sothebys.com/dam/image/lot/88b0f640-cd1c-446c-8911-140ccc2e8e5d/primary/extra_small,,,,,
https://dam.sothebys.com/dam/image/lot/272e395e-7145-4278-987b-2df5a0b427b3/primary/extra_small,,,,,
https://dam.sothebys.com/dam/image/lot/a0acd11d-c025-4f5e-8c2f-d3076aa284ce/primary/extra_small,,,,,
https://dam.sothebys.com/dam/image/lot/7c6ca1ec-ceb2-4606-bca6-aebd2678970d/primary/extra_small,,,,,
https://dam.sothebys.com/dam/image/lot/16224db6-6527-4525-8bfe-f12e9bb3264c/primary/extra_small,,,,,
https://dam.sothebys.com/dam/image/lot/179a541c-52f9-4a74-b10b-fca130ff732a/primary/extra_small,,,,,
https://dam.sothebys.com/dam/image/lot/5183a5d0-aed2-49b4-a3b3-a488985f1a27/primary/extra_small,,,,,
https://dam.sothebys.com/dam/image/lot/4590e19e-e280-4abc-a859-1c88259f3286/primary/extra_small,,,,,
https://dam.sothebys.com/dam/image/lot/d9f6e742-7e22-4180-ade6-2f7c7048bf1c/primary/extra_small,,,,,
https://dam.sothebys.com/dam/image/lot/633d9cee-1d4c-4a23-8414-a7e6d7008ac0/primary/extra_small,,,,,
https://dam.sothebys.com/dam/image/lot/48a64267-465e-4fb8-b3d1-7dd36f6eb10b/primary/extra_small,,,,,
https://dam.sothebys.com/dam/image/lot/3ac52039-bcf4-456f-8669-855b43ecf8c0/primary/extra_small,,,,,
https://dam.sothebys.com/dam/image/lot/12cb71fa-e7bc-4fe7-9ccf-6b6e15ef4212/primary/extra_small,,,,,
https://dam.sothebys.com/dam/image/lot/1317ebd6-28bb-45a4-b703-34861956a1a0/primary/extra_small,,,,,
https://dam.sothebys.com/dam/image/lot/a981d680-4e31-4079-8d5e-126bc28b9695/primary/extra_small,,,,,
https://dam.sothebys.com/dam/image/lot/e693ae54-3c15-4c9a-97ce-1c4489cd7986/primary/extra_small,,,,,
https://dam.sothebys.com/dam/image/lot/5feedf93-74b5-4bf7-ac40-12f18245f2d0/primary/extra_small,,,,,
https://dam.sothebys.com/dam/image/lot/35684910-2ee6-42b8-9c4a-8aeb388dbca2/primary/extra_small,,,,,
https://dam.sothebys.com/dam/image/lot/c1395287-c317-453b-a932-f9737bb010cc/primary/extra_small,,,,,
https://dam.sothebys.com/dam/image/lot/7d33e9ac-854f-4529-9106-91553790e483/primary/extra_small,,,,,
https://dam.sothebys.com/dam/image/lot/e07bc216-a921-4d69-a679-2b1d86f70738/primary/extra_small,,,,,
https://dam.sothebys.com/dam/image/lot/07f713e2-9135-4292-b1b7-e11492fc233b/primary/extra_small,,,,,
https://dam.sothebys.com/dam/image/lot/f71bc0a4-d09a-4c9d-92ac-df3cfb981827/primary/extra_small,,,,,
https://dam.sothebys.com/dam/image/lot/07b2f672-92f3-47d4-91ce-5fc85d0fdc2e/primary/extra_small,,,,,
https://dam.sothebys.com/dam/image/lot/c2969677-e312-4d05-8583-afedc048b807/primary/extra_small,,,,,
https://dam.sothebys.com/dam/image/lot/0f98a22e-0086-4249-b057-78015d030dc7/primary/extra_small,,,,,
https://dam.sothebys.com/dam/image/lot/55a52307-5a9b-4fb6-95e4-f686f536cf9e/primary/extra_small,,,,,
https://dam.sothebys.com/dam/image/lot/e7047c77-16f5-4b91-89aa-c70da2d7db34/primary/extra_small,,,,,
https://dam.sothebys.com/dam/image/lot/87b6b4b6-1e21-45fe-9b1d-fd366f20974f/primary/extra_small,,,,,
https://dam.sothebys.com/dam/image/lot/f2bea08b-b251-4093-9508-16c8577a2b84/primary/extra_small,,,,,
https://dam.sothebys.com/dam/image/lot/97549860-cb03-4f97-8ff1-899ae4487aa9/primary/extra_small,,,,,
https://dam.sothebys.com/dam/image/lot/4f8bd3ac-2b63-43b6-9559-1b6eed800a53/primary/extra_small,,,,,
https://dam.sothebys.com/dam/image/lot/7d9fce28-a619-4d06-aa10-94746ec13696/primary/extra_small,,,,,
https://dam.sothebys.com/dam/image/lot/c524860c-ec88-4f6e-b84c-2767437b7f14/primary/extra_small,,,,,
https://dam.sothebys.com/dam/image/lot/88986292-88f1-457a-8735-2ca61564a36d/primary/extra_small,,,,,
https://dam.sothebys.com/dam/image/lot/635dd006-e2a9-43b7-8daf-d4c430b7661b/primary/extra_small,,,,,
https://dam.sothebys.com/dam/image/lot/36f0a0b1-4d02-4841-9e26-1231ac46108b/primary/extra_small,,,,,
https://dam.sothebys.com/dam/image/lot/0e417cc2-9742-42f1-9473-ae143b3ba501/primary/extra_small,,,,,
https://dam.sothebys.com/dam/image/lot/0104d1e0-7ecd-4b29-9587-c0c48d549d58/primary/extra_small,,,,,
https://dam.sothebys.com/dam/image/lot/ba8f1ba9-560a-41fb-bf09-41ee5d748560/primary/extra_small,,,,,
https://dam.sothebys.com/dam/image/lot/a34f1322-5177-4a4e-a353-cb6eb0f59283/primary/extra_small,,,,,
https://dam.sothebys.com/dam/image/lot/e07bc216-a921-4d69-a679-2b1d86f70738/primary/extra_small,,,,,
https://dam.sothebys.com/dam/image/lot/a34f1322-5177-4a4e-a353-cb6eb0f59283/primary/extra_small,,,,,
https://dam.sothebys.com/dam/image/lot/ecb9f310-90ab-4f77-bd67-2215b2d0998c/primary/extra_small,,,,,
https://dam.sothebys.com/dam/image/lot/b9d2ac26-781b-42d4-ab98-167490332b95/primary/extra_small,,,,,
https://dam.sothebys.com/dam/image/lot/4418a91b-21d0-4d3a-ba53-3562c062b580/primary/extra_small,,,,,
https://dam.sothebys.com/dam/image/lot/2a478a4a-d513-4d97-8ddd-ecffe9325309/primary/extra_small,,,,,
https://dam.sothebys.com/dam/image/lot/4c2acc44-a209-468c-b1f1-2f8e36220277/primary/extra_small,,,,,
https://dam.sothebys.com/dam/image/lot/25ed3dad-2548-4a36-98da-ece5dc2db44a/primary/extra_small,,,,,
https://dam.sothebys.com/dam/image/lot/9aa99571-a5b3-4870-990a-ba6434d561dd/primary/extra_small,,,,,
https://dam.sothebys.com/dam/image/lot/60212eb1-786a-47ea-8406-6c987384cd0c/primary/extra_small,,,,,
https://dam.sothebys.com/dam/image/lot/0622b5b5-855f-41e8-9b6a-80f677359c47/primary/extra_small,,,,,
https://dam.sothebys.com/dam/image/lot/cc367a5a-2406-4bde-b3b6-64601f4232ec/primary/extra_small,,,,,
https://dam.sothebys.com/dam/image/lot/922686e8-2582-4212-a13c-d555230810fe/primary/extra_small,,,,,
https://dam.sothebys.com/dam/image/lot/bc6f3fea-27c4-46aa-a84a-9fd0d80f2512/primary/extra_small,,,,,
https://dam.sothebys.com/dam/image/lot/0e2394f3-0433-4abd-b09c-1cf3168a95f7/primary/extra_small,,,,,
https://dam.sothebys.com/dam/image/lot/4d32eef9-1de9-475e-b2aa-d277bb77d950/primary/extra_small,,,,,
https://dam.sothebys.com/dam/image/lot/5915e319-f010-4915-86cc-5a302c7addaa/primary/extra_small,,,,,
https://dam.sothebys.com/dam/image/lot/5de7f8d2-f9ce-4430-92c1-b8bd760bd18e/primary/extra_small,,,,,
https://dam.sothebys.com/dam/image/lot/01817476-e3fb-420f-9f6b-fe6e36721255/primary/extra_small,,,,,
https://dam.sothebys.com/dam/image/lot/b5931c11-250f-4dc9-b220-6ec604984706/primary/extra_small,,,,,
https://dam.sothebys.com/dam/image/lot/af9f0f24-247d-4ace-8218-cf7b8358b680/primary/extra_small,,,,,
https://dam.sothebys.com/dam/image/lot/2d4b6a9e-e28c-40ee-beb1-98d1caa910d0/primary/extra_small,,,,,
https://dam.sothebys.com/dam/image/lot/c0dfc41d-d899-4892-a6e6-bf971f5df7c0/primary/extra_small,,,,,
https://dam.sothebys.com/dam/image/lot/dd0f761a-cb3b-441b-af76-5da1575f6af1/primary/extra_small,,,,,
https://dam.sothebys.com/dam/image/lot/3b7be192-0826-4dca-9404-b3bd5388dcc1/primary/extra_small,,,,,
https://dam.sothebys.com/dam/image/lot/6b7e9322-1b22-45f6-98ff-c699e77dbcd0/primary/extra_small,,,,,
https://dam.sothebys.com/dam/image/lot/5cfc8468-f035-4f5a-9506-6850c4595107/primary/extra_small,,,,,
https://dam.sothebys.com/dam/image/lot/f7cbd49a-6f21-4acd-a697-82f75e819a76/primary/extra_small,,,,,
https://dam.sothebys.com/dam/image/lot/60d59756-a4fd-4986-8af8-1a699fe88441/primary/extra_small,,,,,
https://dam.sothebys.com/dam/image/lot/d3c86a01-2f8e-42f4-8766-eb9612f61a49/primary/extra_small,,,,,
https://dam.sothebys.com/dam/image/lot/927a07bb-52b9-4629-8ad7-fddfdcb46d95/primary/extra_small,,,,,
https://dam.sothebys.com/dam/image/lot/d3b90565-2c72-4419-a2f7-19ba6b6dc58c/primary/extra_small,,,,,
https://dam.sothebys.com/dam/image/lot/fe811421-bc28-4424-8a91-07020207be21/primary/extra_small,,,,,
https://dam.sothebys.com/dam/image/lot/4396110f-72f8-4203-b505-1d6aad5feb10/primary/extra_small,,,,,
https://dam.sothebys.com/dam/image/lot/95092306-b46b-4cd0-a06b-c56500b0e01f/primary/extra_small,,,,,
https://dam.sothebys.com/dam/image/lot/3de8b3fc-8e07-475c-af36-6945d5d5cf78/primary/extra_small,,,,,
https://dam.sothebys.com/dam/image/lot/a7a23f8f-66c2-43b5-8324-ca2b41d16ee5/primary/extra_small,,,,,
https://dam.sothebys.com/dam/image/lot/a576af6c-8a6f-4055-9cfd-7b4c4051b961/primary/extra_small,,,,,
https://dam.sothebys.com/dam/image/lot/4ac21835-1869-4483-831b-6cead3a0c48e/primary/extra_small,,,,,
https://dam.sothebys.com/dam/image/lot/5f656c7f-5a81-4109-ada5-c5704516e027/primary/extra_small,,,,,
https://dam.sothebys.com/dam/image/lot/1c784849-b4b5-49eb-8951-742bdd702b41/primary/extra_small,,,,,
https://dam.sothebys.com/dam/image/lot/b9c7c60d-c86f-4794-a49a-c4b67bd7abfb/primary/extra_small,,,,,
https://dam.sothebys.com/dam/image/lot/93b517dc-03e7-49ed-91df-ad62b84088ad/primary/extra_small,,,,,
https://dam.sothebys.com/dam/image/lot/0f739d3b-b45e-4065-bf9d-c1ada10b49ea/primary/extra_small,,,,,
https://dam.sothebys.com/dam/image/lot/14a25e18-179f-4721-9b6a-cc0558723b62/primary/extra_small,,,,,
https://dam.sothebys.com/dam/image/lot/2c529cfc-a99f-4b99-9eed-0e48a5e2638b/primary/extra_small,,,,,
https://dam.sothebys.com/dam/image/lot/d3a1f3c4-57d9-4b3b-ae53-392594a599d7/primary/extra_small,,,,,
https://dam.sothebys.com/dam/image/lot/a72a17b4-3fc6-4590-823c-4aea573948ce/primary/extra_small,,,,,
https://dam.sothebys.com/dam/image/lot/90f75664-1a62-4b17-927c-b47914fa84e5/primary/extra_small,,,,,
https://dam.sothebys.com/dam/image/lot/d1e8e77e-fd55-476a-910f-a7d45b16dcfb/primary/extra_small,,,,,
https://dam.sothebys.com/dam/image/lot/d1e8e77e-fd55-476a-910f-a7d45b16dcfb/primary/extra_small,,,,,
https://dam.sothebys.com/dam/image/lot/3001258c-2a65-46ab-a8c8-0edc33bed63f/primary/extra_small,,,,,
https://dam.sothebys.com/dam/image/lot/6b5e5bb6-4c70-46e0-807c-caa5d979a156/primary/extra_small,,,,,
https://dam.sothebys.com/dam/image/lot/19b2fbf2-2ce5-4d8c-bb2c-1949006de6e4/primary/extra_small,,,,,
https://dam.sothebys.com/dam/image/lot/0c0a8f31-a84a-47b4-8a72-9d73d553b4b5/primary/extra_small,,,,,
https://dam.sothebys.com/dam/image/lot/546b868a-40eb-413d-8bd5-ac51b32d539b/primary/extra_small,,,,,
https://dam.sothebys.com/dam/image/lot/8c7ca0f1-328d-4b10-8bde-d40a61323fc0/primary/extra_small,,,,,
https://dam.sothebys.com/dam/image/lot/84b70938-9da9-478b-ab95-2af7ae1aad17/primary/extra_small,,,,,
https://dam.sothebys.com/dam/image/lot/bf5da754-d991-4c59-802a-bceee8de7cb6/primary/extra_small,,,,,
https://dam.sothebys.com/dam/image/lot/d09b8063-1bb3-4c71-9d7a-2a31da2e36ce/primary/extra_small,,,,,
https://dam.sothebys.com/dam/image/lot/80ebbadb-c328-4b81-8ca8-840325447ff7/primary/extra_small,,,,,
https://dam.sothebys.com/dam/image/lot/27ef83d8-c039-49e5-8c71-2d491c97b639/primary/extra_small,,,,,
https://dam.sothebys.com/dam/image/lot/91b250ff-8ee1-47ba-9d6d-cad3c4aa072b/primary/extra_small,,,,,
https://dam.sothebys.com/dam/image/lot/3df6d7c8-300c-4830-ad6d-48d4a1586cde/primary/extra_small,,,,,
https://dam.sothebys.com/dam/image/lot/95f3188e-4bfa-4338-9594-f3e5eb42a2b1/primary/extra_small,,,,,
https://dam.sothebys.com/dam/image/lot/92ddb656-d863-4fe0-9b12-8c02210735e9/primary/extra_small,,,,,
https://dam.sothebys.com/dam/image/lot/9bc1f972-b2b4-41d5-b186-531598fb3aeb/primary/extra_small,,,,,
https://dam.sothebys.com/dam/image/lot/04020b6a-cf08-4f1d-8f75-183fe40e24e0/primary/extra_small,,,,,
https://dam.sothebys.com/dam/image/lot/ae2d339a-ac3b-4379-b93c-0185e2f97299/primary/extra_small,,,,,
https://dam.sothebys.com/dam/image/lot/dd3a1082-86de-47dc-aea8-c1fb9de2d18d/primary/extra_small,,,,,
https://dam.sothebys.com/dam/image/lot/da3c8266-6a79-41d5-b477-a184fab95d76/primary/extra_small,,,,,
https://dam.sothebys.com/dam/image/lot/6d10de5a-3883-479f-a666-5345d4060e48/primary/extra_small,,,,,
https://dam.sothebys.com/dam/image/lot/2398f6f0-8baa-4513-a3f1-f1a18e6d4c08/primary/extra_small,,,,,
https://dam.sothebys.com/dam/image/lot/e59a44c5-1bcf-4a2a-b323-87e20397e925/primary/extra_small,,,,,
https://dam.sothebys.com/dam/image/lot/8038f752-1be0-4baa-b311-94fb2d33e4ea/primary/extra_small,,,,,
https://dam.sothebys.com/dam/image/lot/cfc4cc2b-e84d-4d14-a318-65c655c4507a/primary/extra_small,,,,,
https://dam.sothebys.com/dam/image/lot/d0202ae4-5546-4bf9-9533-bab602f44f2b/primary/extra_small,,,,,
https://dam.sothebys.com/dam/image/lot/e07c99a2-5c56-409f-831a-471c30b4a764/primary/extra_small,,,,,
https://dam.sothebys.com/dam/image/lot/75888958-5a9a-442c-83f4-40b10b80a55e/primary/extra_small,,,,,
https://dam.sothebys.com/dam/image/lot/f12a306b-f55b-4f6c-bca3-c6df179a5fc0/primary/extra_small,,,,,
https://dam.sothebys.com/dam/image/lot/d36257da-88e1-479a-8d76-f8535d2f6211/primary/extra_small,,,,,
https://dam.sothebys.com/dam/image/lot/2bcf6904-342b-4217-8e1f-a82df8a7c649/primary/extra_small,,,,,
https://dam.sothebys.com/dam/image/lot/27c78dee-c512-48f8-ab42-178cbb2a57b5/primary/extra_small,,,,,
https://dam.sothebys.com/dam/image/lot/2d5cc2da-2858-4e71-ae74-4e24d69d6e6c/primary/extra_small,,,,,
https://dam.sothebys.com/dam/image/lot/cd31bcaa-efa3-4cc3-b659-6400dd24dbd2/primary/extra_small,,,,,
https://dam.sothebys.com/dam/image/lot/fd21bbab-5acf-44c8-8c5b-016d27a0d703/primary/extra_small,,,,,
https://dam.sothebys.com/dam/image/lot/c5761d05-64f4-476f-80b8-862bc9344f7c/primary/extra_small,,,,,
https://dam.sothebys.com/dam/image/lot/aaf5432b-830d-4ab8-ad45-59a056187eda/primary/extra_small,,,,,
https://dam.sothebys.com/dam/image/lot/f744135d-f90a-494b-994b-d08e65edca51/primary/extra_small,,,,,
https://dam.sothebys.com/dam/image/lot/5fb632a6-7db8-404d-8c16-fb2782484e77/primary/extra_small,,,,,
https://dam.sothebys.com/dam/image/lot/549d2002-b26a-408e-9389-a5d9fe274dbf/primary/extra_small,,,,,
https://dam.sothebys.com/dam/image/lot/185362c7-6ebc-4cfb-8826-441a6706d4e1/primary/extra_small,,,,,
https://dam.sothebys.com/dam/image/lot/05d823e6-5e9d-4b4a-81da-7757bb6abd78/primary/extra_small,,,,,
https://dam.sothebys.com/dam/image/lot/39793159-b69c-4872-af98-f25a01e901e6/primary/extra_small,,,,,
https://dam.sothebys.com/dam/image/lot/7be4c086-d648-481e-bcf2-37d75ccca0f4/primary/extra_small,,,,,
https://dam.sothebys.com/dam/image/lot/ecd291d4-db73-42dd-817a-6969b51550a0/primary/extra_small,,,,,
https://dam.sothebys.com/dam/image/lot/39c6f9d4-caa9-43ab-b2ba-77ca235b388a/primary/extra_small,,,,,
https://dam.sothebys.com/dam/image/lot/ae45ec62-1441-4e33-a01a-1e2d1c43149c/primary/extra_small,,,,,
https://dam.sothebys.com/dam/image/lot/e21585f0-0cda-4911-951a-0f95f2e9a6d7/primary/extra_small,,,,,
https://dam.sothebys.com/dam/image/lot/f616bdc2-fd00-4568-9344-d938eca6a27a/primary/extra_small,,,,,
https://dam.sothebys.com/dam/image/lot/12f02b41-9858-4ba0-968d-6e3389ed0ca4/primary/extra_small,,,,,
https://dam.sothebys.com/dam/image/lot/52192671-a18c-4e06-b66c-872ef496983c/primary/extra_small,,,,,
https://dam.sothebys.com/dam/image/lot/9a824ece-f994-479d-884c-c81d846251da/primary/extra_small,,,,,
https://dam.sothebys.com/dam/image/lot/6ff95d13-deeb-448f-a479-b98b51202bb2/primary/extra_small,,,,,
https://dam.sothebys.com/dam/image/lot/3a593fb9-0309-4bd5-93bb-85f625f31fad/primary/extra_small,,,,,
https://dam.sothebys.com/dam/image/lot/668e8ee5-d073-41c7-b50b-a5395ec92466/primary/extra_small,,,,,
https://dam.sothebys.com/dam/image/lot/6e9e21b1-b794-4c9a-a0fd-c4ecdece6705/primary/extra_small,,,,,
https://dam.sothebys.com/dam/image/lot/51a73dcd-95b5-439e-a280-41b73d68b3d1/primary/extra_small,,,,,
https://dam.sothebys.com/dam/image/lot/40911767-a8ea-4d9f-853d-a122d975f6d4/primary/extra_small,,,,,
https://dam.sothebys.com/dam/image/lot/027f59b3-a24a-456e-9e28-88d0d37cc380/primary/extra_small,,,,,
https://dam.sothebys.com/dam/image/lot/86948831-bff6-41cf-9b99-f035feacd6f3/primary/extra_small,,,,,
https://dam.sothebys.com/dam/image/lot/16161548-b263-4d5d-881e-7945e867bc19/primary/extra_small,,,,,
https://dam.sothebys.com/dam/image/lot/7d3775c9-91d5-44a5-9f20-4e1d93bd3d17/primary/extra_small,,,,,
https://dam.sothebys.com/dam/image/lot/d2f284ff-63a7-45cf-9def-252edfc4aec3/primary/extra_small,,,,,
https://dam.sothebys.com/dam/image/lot/17e957a1-e3a1-4932-8373-24a6aa622938/primary/extra_small,,,,,
https://dam.sothebys.com/dam/image/lot/0749595a-4201-4715-8f05-32a7892efe98/primary/extra_small,,,,,
https://dam.sothebys.com/dam/image/lot/47e91f27-db9c-4cde-8d47-f627cb4a8fce/primary/extra_small,,,,,
https://dam.sothebys.com/dam/image/lot/f79ebbcb-d255-4084-81bb-2ad4b05f1941/primary/extra_small,,,,,
https://dam.sothebys.com/dam/image/lot/965a7e11-30fb-4dca-ab84-a0cab6a45eae/primary/extra_small,,,,,
https://dam.sothebys.com/dam/image/lot/1dc55963-8e6b-415e-aec3-429ca33bff4f/primary/extra_small,,,,,
https://dam.sothebys.com/dam/image/lot/c09cd40b-4810-4863-9661-6da0967396e2/primary/extra_small,,,,,
https://dam.sothebys.com/dam/image/lot/4714e164-91a0-4bbc-b46d-9343af1a07ea/primary/extra_small,,,,,
https://dam.sothebys.com/dam/image/lot/15b828df-facd-4ec8-9707-1d6d5d3bf6c4/primary/extra_small,,,,,
https://dam.sothebys.com/dam/image/lot/265f66e6-ce9f-47cc-a894-8fe4eabd746c/primary/extra_small,,,,,
https://dam.sothebys.com/dam/image/lot/35e43015-2718-4128-8249-08eb85fa8db8/primary/extra_small,,,,,
https://dam.sothebys.com/dam/image/lot/d83d0cac-c259-4c62-b72f-43890e166121/primary/extra_small,,,,,
https://dam.sothebys.com/dam/image/lot/dadceabf-4963-42d6-9c09-be2766be2f19/primary/extra_small,,,,,
https://dam.sothebys.com/dam/image/lot/cdc9271a-970a-4918-bf60-4842df0df6b6/primary/extra_small,,,,,
https://dam.sothebys.com/dam/image/lot/9b8140df-0fa5-4f90-8931-d4ef368d07d7/primary/extra_small,,,,,
https://dam.sothebys.com/dam/image/lot/6e477023-0af7-43e0-a673-46ff0c09deeb/primary/extra_small,,,,,
https://dam.sothebys.com/dam/image/lot/c320c15b-ebb1-474e-93ca-f5440d96a11e/primary/extra_small,,,,,
https://dam.sothebys.com/dam/image/lot/ec144f69-5f42-4be3-afad-ee81fa6e1b3f/primary/extra_small,,,,,
https://dam.sothebys.com/dam/image/lot/676d7135-30ce-4c7e-8dc9-fb00e6ca7059/primary/extra_small,,,,,
https://dam.sothebys.com/dam/image/lot/363278c0-8ed8-4fad-bdf1-56524eaca9e4/primary/extra_small,,,,,
https://dam.sothebys.com/dam/image/lot/f0e2ea10-d83e-4f65-838d-1a6aee14ed41/primary/extra_small,,,,,
https://dam.sothebys.com/dam/image/lot/af9f9f32-90f8-4298-88f7-ebf2b87fe6ee/primary/extra_small,,,,,
https://dam.sothebys.com/dam/image/lot/0e25becd-656a-441e-b4e2-2b72c12b1d04/primary/extra_small,,,,,
https://dam.sothebys.com/dam/image/lot/f706dbf7-b48a-41d6-9612-68fcbb31f965/primary/extra_small,,,,,
https://dam.sothebys.com/dam/image/lot/4bd65a71-f70f-41ae-8b67-7c86cb343dd5/primary/extra_small,,,,,
https://dam.sothebys.com/dam/image/lot/b6e335dd-4865-4184-83f0-7d8ab10ee187/primary/extra_small,,,,,
https://dam.sothebys.com/dam/image/lot/bd1b0476-55de-4b63-8853-0542f18eb4ac/primary/extra_small,,,,,
https://dam.sothebys.com/dam/image/lot/351f43c8-ee7f-405c-994d-70397392e9b5/primary/extra_small,,,,,
https://dam.sothebys.com/dam/image/lot/e8e61d4c-7bc7-421c-b568-acd02f1d87e8/primary/extra_small,,,,,
https://dam.sothebys.com/dam/image/lot/e2464aca-d1f3-4a40-8061-36d6e1485495/primary/extra_small,,,,,
https://dam.sothebys.com/dam/image/lot/99d526e6-297d-4497-b100-4ddbef29c93e/primary/extra_small,,,,,
https://dam.sothebys.com/dam/image/lot/0aa9c7d4-f989-49c3-bb77-5cc7c4006215/primary/extra_small,,,,,
https://dam.sothebys.com/dam/image/lot/7fc3188f-c0c2-4c7d-91e7-d54ef8e64501/primary/extra_small,,,,,
https://dam.sothebys.com/dam/image/lot/c76b9858-13e1-43d8-bca2-25c8a9e6a0a0/primary/extra_small,,,,,
https://dam.sothebys.com/dam/image/lot/f4502443-6890-4577-9c9b-a175bab3a344/primary/extra_small,,,,,
https://dam.sothebys.com/dam/image/lot/b9445b0f-ce38-4925-a680-e102e213aae9/primary/extra_small,,,,,
https://dam.sothebys.com/dam/image/lot/4c107788-e39d-4d2c-a0e5-0ee5621b36b8/primary/extra_small,,,,,
https://dam.sothebys.com/dam/image/lot/0f72cff9-95f8-4309-81a4-ce4819a64290/primary/extra_small,,,,,
https://dam.sothebys.com/dam/image/lot/eb513479-f3ef-4cd3-80be-b4fcbcfeae04/primary/extra_small,,,,,
https://dam.sothebys.com/dam/image/lot/08384cc3-2b14-4045-8e11-563188307c54/primary/extra_small,,,,,
https://dam.sothebys.com/dam/image/lot/4bad84cc-b4db-40b2-b543-680bb3c16de2/primary/extra_small,,,,,
https://dam.sothebys.com/dam/image/lot/597b6197-530e-428b-912d-9828bce96d4b/primary/extra_small,,,,,
https://dam.sothebys.com/dam/image/lot/55c6fb93-40cf-4936-b48f-988229cadf08/primary/extra_small,,,,,
https://dam.sothebys.com/dam/image/lot/ca35439f-fb9e-4de2-b7ab-5bd9fe7e8d56/primary/extra_small,,,,,
https://dam.sothebys.com/dam/image/lot/72a96649-f6ec-4abc-aa25-7f9581049ec1/primary/extra_small,,,,,
https://dam.sothebys.com/dam/image/lot/3b23f014-30b8-4d09-91f0-3b20d939c11b/primary/extra_small,,,,,
https://dam.sothebys.com/dam/image/lot/4f8df88a-05e9-46f7-81f5-27a0ee6d7b13/primary/extra_small,,,,,
https://dam.sothebys.com/dam/image/lot/0c54d62b-d82d-4465-a916-68fa2b13a475/primary/extra_small,,,,,
https://dam.sothebys.com/dam/image/lot/652a8e95-b57f-455b-abc4-8f9eb115c597/primary/extra_small,,,,,
https://dam.sothebys.com/dam/image/lot/08629bfd-8f3a-4f34-a6ac-e4fd086ff017/primary/extra_small,,,,,
https://dam.sothebys.com/dam/image/lot/bdb1f204-d378-4e38-b972-638c911738e1/primary/extra_small,,,,,
https://dam.sothebys.com/dam/image/lot/b5cf7665-f807-42b9-b42c-edda4cd110ea/primary/extra_small,,,,,
https://dam.sothebys.com/dam/image/lot/afa3f9d9-b0f5-4eb0-bb78-195b2c5f3a9b/primary/extra_small,,,,,
https://dam.sothebys.com/dam/image/lot/4932c501-af50-45fa-a4bd-7a90958f6171/primary/extra_small,,,,,
https://dam.sothebys.com/dam/image/lot/704882af-5877-4f37-a35b-b4043fb05131/primary/extra_small,,,,,
https://dam.sothebys.com/dam/image/lot/f9a4c84b-26ed-44c0-aa24-7d70fb6c2926/primary/extra_small,,,,,
https://dam.sothebys.com/dam/image/lot/4fd27db7-2652-4b50-8fef-49b5aaca74e9/primary/extra_small,,,,,
https://dam.sothebys.com/dam/image/lot/87b1b790-660c-439b-84b3-5fc904b4728f/primary/extra_small,,,,,
https://dam.sothebys.com/dam/image/lot/c93178bb-d13b-4066-a639-aec8c2e30c37/primary/extra_small,,,,,
https://dam.sothebys.com/dam/image/lot/6d648d62-b283-4581-a807-b9efd2a5f31a/primary/extra_small,,,,,
https://dam.sothebys.com/dam/image/lot/2312e622-d56f-4b8f-ae8b-be146630f925/primary/extra_small,,,,,
https://dam.sothebys.com/dam/image/lot/8ef9f950-6133-4f3b-b457-3531d1228b02/primary/extra_small,,,,,
https://dam.sothebys.com/dam/image/lot/5f1b900d-8d82-4a43-8a65-17c55c45e883/primary/extra_small,,,,,
https://dam.sothebys.com/dam/image/lot/2d50a0fa-5e28-4c9c-a44c-2fd049fa8857/primary/extra_small,,,,,
https://dam.sothebys.com/dam/image/lot/d3cab231-99d8-48c0-a196-c30a4550d41c/primary/extra_small,,,,,
https://dam.sothebys.com/dam/image/lot/3d6bf208-01c8-431e-b544-035a9581c689/primary/extra_small,,,,,
https://dam.sothebys.com/dam/image/lot/e16d40e7-f929-455f-9599-d19d49bcf31d/primary/extra_small,,,,,
https://dam.sothebys.com/dam/image/lot/6d297315-4f0c-42f8-8de7-2f9366b6e304/primary/extra_small,,,,,
https://dam.sothebys.com/dam/image/lot/b931eced-fbfd-4282-a5c2-92631886cb0b/primary/extra_small,,,,,
https://dam.sothebys.com/dam/image/lot/aaf551fa-e6dd-4b9d-8794-20dbeb9ae69b/primary/extra_small,,,,,
https://dam.sothebys.com/dam/image/lot/c66d16c8-63ae-4868-aa76-f714408293d2/primary/extra_small,,,,,
https://dam.sothebys.com/dam/image/lot/ea262221-ce51-4ac4-85f5-6acb51f8ce86/primary/extra_small,,,,,
https://dam.sothebys.com/dam/image/lot/6da875b0-750c-4002-be78-bbb1c8ee76fa/primary/extra_small,,,,,
https://dam.sothebys.com/dam/image/lot/8e229219-5ec9-45cf-b541-b735182ff6b7/primary/extra_small,,,,,
https://dam.sothebys.com/dam/image/lot/fc95caff-3f9b-416d-8c43-72f69796baf4/primary/extra_small,,,,,
https://dam.sothebys.com/dam/image/lot/6ea0a1a9-b57d-45f6-a937-1db4fb83cd7a/primary/extra_small,,,,,
https://dam.sothebys.com/dam/image/lot/f05189cd-7476-49a7-afc6-c361bbbe4705/primary/extra_small,,,,,
https://dam.sothebys.com/dam/image/lot/c1f43fe5-53c4-4d7a-ae45-4e97ff2abf36/primary/extra_small,,,,,
https://dam.sothebys.com/dam/image/lot/a199a802-cb4b-4394-9f49-d67965966f6c/primary/extra_small,,,,,
https://dam.sothebys.com/dam/image/lot/7818d3bd-3d2f-414f-bda4-3203206330fa/primary/extra_small,,,,,
https://dam.sothebys.com/dam/image/lot/9e4bfbaf-331c-4c4c-a0e9-bfdf55649674/primary/extra_small,,,,,
https://dam.sothebys.com/dam/image/lot/51174b95-dc6f-4aee-a9e1-534421933040/primary/extra_small,,,,,
https://dam.sothebys.com/dam/image/lot/2a566d11-2cf7-497c-9a9f-754072bf3c9d/primary/extra_small,,,,,
https://dam.sothebys.com/dam/image/lot/9b3e7541-2d06-4740-b315-84cc01111129/primary/extra_small,,,,,
https://dam.sothebys.com/dam/image/lot/ba7a378f-3d2f-4302-b892-d7c28c6adfc1/primary/extra_small,,,,,
https://dam.sothebys.com/dam/image/lot/d9feac68-7cb8-4065-8775-76db63e1420a/primary/extra_small,,,,,
https://dam.sothebys.com/dam/image/lot/7eea0110-1c35-44eb-ba99-cacdbc71d13d/primary/extra_small,,,,,
https://dam.sothebys.com/dam/image/lot/2c8ad1cf-121c-42b9-8440-5f1cd88f3683/primary/extra_small,,,,,
https://dam.sothebys.com/dam/image/lot/aec31b63-2375-4152-8cbb-7208c4c0c991/primary/extra_small,,,,,
https://dam.sothebys.com/dam/image/lot/c96ff299-f628-488d-841a-a3702d4426c2/primary/extra_small,,,,,
https://dam.sothebys.com/dam/image/lot/372fc48d-ee6c-406f-8235-1aee0ff2f363/primary/extra_small,,,,,
https://dam.sothebys.com/dam/image/lot/f43e93df-2d77-411c-8fd6-66b29fec62d6/primary/extra_small,,,,,
https://dam.sothebys.com/dam/image/lot/72eae966-23e6-473f-b355-5b305b07d38c/primary/extra_small,,,,,
https://dam.sothebys.com/dam/image/lot/7032476a-a599-4d23-81e9-8603b0b07c8a/primary/extra_small,,,,,
https://dam.sothebys.com/dam/image/lot/21f6961a-4dd2-4b77-9caf-72084e973480/primary/extra_small,,,,,
https://dam.sothebys.com/dam/image/lot/9f183bbc-4586-43ce-a59f-fc266dbce7a0/primary/extra_small,,,,,
https://dam.sothebys.com/dam/image/lot/a0d5e226-851d-4d47-8780-59e4be1c9572/primary/extra_small,,,,,
https://dam.sothebys.com/dam/image/lot/f0b4b5e9-fb58-4ba9-a633-4bb669cddcbf/primary/extra_small,,,,,
https://dam.sothebys.com/dam/image/lot/60958b11-b7ba-4709-8a96-f47f3dffb590/primary/extra_small,,,,,
https://dam.sothebys.com/dam/image/lot/c36fabf6-9e34-4dd1-bd99-83484aa17085/primary/extra_small,,,,,
https://dam.sothebys.com/dam/image/lot/63edafac-ac71-4626-bbd6-9260c97e8440/primary/extra_small,,,,,
https://dam.sothebys.com/dam/image/lot/f26cf485-0c69-43ad-8d78-7fb94759b7a6/primary/extra_small,,,,,
https://dam.sothebys.com/dam/image/lot/9bccc397-6a4d-4ac3-8795-234cb132e7e2/primary/extra_small,,,,,
https://dam.sothebys.com/dam/image/lot/04abdb36-5b85-466e-8f97-7f01f93cfa37/primary/extra_small,,,,,
https://dam.sothebys.com/dam/image/lot/8bc7ed69-b593-4456-89ba-53483e58f86b/primary/extra_small,,,,,
https://dam.sothebys.com/dam/image/lot/b513c089-d792-49fd-8d78-74c4b4b4e8d0/primary/extra_small,,,,,
https://dam.sothebys.com/dam/image/lot/05e4c729-09e7-4526-93bc-479728acd1f8/primary/extra_small,,,,,
https://dam.sothebys.com/dam/image/lot/2b38bf91-c899-46b6-b655-3f1f15fc4fa8/primary/extra_small,,,,,
https://dam.sothebys.com/dam/image/lot/524db6ed-8d69-46d9-a8dd-32fc17fd8cf0/primary/extra_small,,,,,
https://dam.sothebys.com/dam/image/lot/885af26e-9019-4e53-b02c-8de57ca73f8b/primary/extra_small,,,,,
https://dam.sothebys.com/dam/image/lot/fbb5964a-0611-4af0-b5e0-d7356fec7d18/primary/extra_small,,,,,
https://dam.sothebys.com/dam/image/lot/e34b9022-bb4a-40cc-a3e5-9e7120dd333c/primary/extra_small,,,,,
https://dam.sothebys.com/dam/image/lot/b2de0806-2b0d-4559-88dd-42ba507c84c3/primary/extra_small,,,,,
https://dam.sothebys.com/dam/image/lot/b8c2ff15-3cef-4c86-ba84-4bc1908d23b5/primary/extra_small,,,,,
https://dam.sothebys.com/dam/image/lot/d529bbea-95d9-4b0d-b2cd-d3b1e9ea7d4a/primary/extra_small,,,,,
https://dam.sothebys.com/dam/image/lot/776cf583-9200-45a5-be67-20a300cfdde3/primary/extra_small,,,,,
https://dam.sothebys.com/dam/image/lot/2035b3da-6006-4b28-8f5a-e72d18aeaae0/primary/extra_small,,,,,
https://dam.sothebys.com/dam/image/lot/db7ca765-634e-4cc8-8d44-720e7decf885/primary/extra_small,,,,,
https://dam.sothebys.com/dam/image/lot/54a875a6-e75b-4749-9366-86b3271a6a12/primary/extra_small,,,,,
https://dam.sothebys.com/dam/image/lot/7bbb203f-e7e2-416a-affa-8d2cfbd09a65/primary/extra_small,,,,,
https://dam.sothebys.com/dam/image/lot/f06a5e04-dc46-438e-a00b-322611593a3c/primary/extra_small,,,,,
https://dam.sothebys.com/dam/image/lot/58a5cd9e-f1aa-4329-9836-73297b0009a7/primary/extra_small,,,,,
https://dam.sothebys.com/dam/image/lot/2c06725d-5ea4-444d-8b04-b03444b7ea38/primary/extra_small,,,,,
https://dam.sothebys.com/dam/image/lot/14651ef8-6d1a-406e-964f-8fa8dab49320/primary/extra_small,,,,,
https://dam.sothebys.com/dam/image/lot/4718306f-f365-4742-a171-c0f961a251c8/primary/extra_small,,,,,
https://dam.sothebys.com/dam/image/lot/29dd6b7d-5478-4425-a65d-cb318225fa17/primary/extra_small,,,,,
https://dam.sothebys.com/dam/image/lot/83cee883-5d2a-4bdd-8d19-4dce96835d35/primary/extra_small,,,,,
https://dam.sothebys.com/dam/image/lot/7e166f9c-a619-4f9f-accc-f3f08ee2c373/primary/extra_small,,,,,
https://dam.sothebys.com/dam/image/lot/876609a3-2de6-4c65-b086-4b728e7b0ecb/primary/extra_small,,,,,
https://dam.sothebys.com/dam/image/lot/ce6efc7c-542f-4959-a7ae-870a69acf015/primary/extra_small,,,,,
https://dam.sothebys.com/dam/image/lot/3ad3cc62-9e8c-499a-aac7-acc527cfd00c/primary/extra_small,,,,,
https://dam.sothebys.com/dam/image/lot/e50e2381-091f-413d-898a-d65fc83fa988/primary/extra_small,,,,,
https://dam.sothebys.com/dam/image/lot/8bca5082-124a-40df-b9be-2a53be225939/primary/extra_small,,,,,
https://dam.sothebys.com/dam/image/lot/34d3fe8c-4063-428d-b722-ade8ffe9bbae/primary/extra_small,,,,,
https://dam.sothebys.com/dam/image/lot/57606c27-e126-40cd-bceb-e4ae120b5cc6/primary/extra_small,,,,,
https://dam.sothebys.com/dam/image/lot/ae16d247-14ad-492b-b78f-67fdf35b9bb3/primary/extra_small,,,,,
https://dam.sothebys.com/dam/image/lot/86976e8d-4079-4a07-9a94-bdd2803bb460/primary/extra_small,,,,,
https://dam.sothebys.com/dam/image/lot/2b41a05e-712d-4d85-bd53-5be33583b449/primary/extra_small,,,,,
https://dam.sothebys.com/dam/image/lot/977012b7-82c0-4d59-bc92-ae87613445bd/primary/extra_small,,,,,
https://dam.sothebys.com/dam/image/lot/f39e3490-3b51-4328-bf54-52d6adcc2afe/primary/extra_small,,,,,
https://dam.sothebys.com/dam/image/lot/2648ab04-27d6-4731-bb9a-8b0e30339882/primary/extra_small,,,,,
https://dam.sothebys.com/dam/image/lot/2cdc5d04-3212-48a5-b375-5de2cec31812/primary/extra_small,,,,,
https://dam.sothebys.com/dam/image/lot/bf5d0c9f-508f-41d3-9571-197188209750/primary/extra_small,,,,,
https://dam.sothebys.com/dam/image/lot/9770a4dd-e3d5-41f8-9130-29bbc813365a/primary/extra_small,,,,,
https://dam.sothebys.com/dam/image/lot/db40669f-ac06-4b55-8ca6-e0240917751e/primary/extra_small,,,,,
https://dam.sothebys.com/dam/image/lot/c3498034-ab6f-43de-9c3d-a50f82fe8a2c/primary/extra_small,,,,,
https://dam.sothebys.com/dam/image/lot/cfa4a19e-0f44-4648-8e84-03e83ec2a34e/primary/extra_small,,,,,
https://dam.sothebys.com/dam/image/lot/92b0255b-9b68-4e26-9a2f-5dcc1cb6272a/primary/extra_small,,,,,
https://dam.sothebys.com/dam/image/lot/9539959a-8477-460c-9b4e-668f1f0f3d1b/primary/extra_small,,,,,
https://dam.sothebys.com/dam/image/lot/94413eec-c640-4d85-8d24-a2ea823ab944/primary/extra_small,,,,,
https://dam.sothebys.com/dam/image/lot/95f00bcf-9e43-4992-8aa6-433d07180fa1/primary/extra_small,,,,,
https://dam.sothebys.com/dam/image/lot/f2bb9f71-c210-4201-a294-deeee1d74896/primary/extra_small,,,,,
https://dam.sothebys.com/dam/image/lot/37dbff23-65f5-4f85-be97-85af03857673/primary/extra_small,,,,,
https://dam.sothebys.com/dam/image/lot/e28e6ae3-99d8-4ff7-ba98-7b981d44bef9/primary/extra_small,,,,,
https://dam.sothebys.com/dam/image/lot/e9597999-0b43-41ed-a96b-5c73af2f22e1/primary/extra_small,,,,,
https://dam.sothebys.com/dam/image/lot/ec0d3db7-456a-4bc2-a409-df06a70af3e7/primary/extra_small,,,,,
https://dam.sothebys.com/dam/image/lot/894e0039-b54e-4d5c-8510-e9545d907a1e/primary/extra_small,,,,,
https://dam.sothebys.com/dam/image/lot/c248cd35-ff72-4df9-aa05-a30ae1a44fb5/primary/extra_small,,,,,
https://dam.sothebys.com/dam/image/lot/379db380-2ac1-41a0-9199-29500f5796e5/primary/extra_small,,,,,
https://dam.sothebys.com/dam/image/lot/94797330-2fd5-4143-85eb-0f7f5a307963/primary/extra_small,,,,,
https://dam.sothebys.com/dam/image/lot/6b51d28c-8560-423f-933b-e5bfe132586c/primary/extra_small,,,,,
https://dam.sothebys.com/dam/image/lot/e1bf3508-f09c-44a0-940d-1f0eeb9f12fd/primary/extra_small,,,,,
https://dam.sothebys.com/dam/image/lot/4fc77d17-fb6d-491b-acef-c47152ee7df9/primary/extra_small,,,,,
https://dam.sothebys.com/dam/image/lot/beff567f-ee98-4750-aee4-41e42b90ad90/primary/extra_small,,,,,
https://dam.sothebys.com/dam/image/lot/00f3a6cd-ae5d-48ba-a21c-c4fcf5e8c0c1/primary/extra_small,,,,,
https://dam.sothebys.com/dam/image/lot/3dbd09ba-ae1a-44b7-8d5c-8ab0283eb42d/primary/extra_small,,,,,
https://dam.sothebys.com/dam/image/lot/aa25e1b5-83eb-4c34-99e4-5724cdd45b20/primary/extra_small,,,,,
https://dam.sothebys.com/dam/image/lot/0235a730-ab1e-4407-a07d-b4ba408225e4/primary/extra_small,,,,,
https://dam.sothebys.com/dam/image/lot/8df22d03-b6ea-4030-abed-f5d6c6952b25/primary/extra_small,,,,,
https://dam.sothebys.com/dam/image/lot/54aa2473-886a-4421-a370-19f5edfa76c3/primary/extra_small,,,,,
https://dam.sothebys.com/dam/image/lot/e01b7809-80a4-4204-a49d-60913377ec1d/primary/extra_small,,,,,
https://dam.sothebys.com/dam/image/lot/11baa7d4-85fc-4e49-9f0e-e837f3b80ba9/primary/extra_small,,,,,
https://dam.sothebys.com/dam/image/lot/813677b9-9587-4fd0-8a56-8f5c3fb7399b/primary/extra_small,,,,,
https://dam.sothebys.com/dam/image/lot/84a68a36-f87d-4cd3-a22e-9148e2af9332/primary/extra_small,,,,,
https://dam.sothebys.com/dam/image/lot/0686c576-7cbe-4975-a297-c269ae367b95/primary/extra_small,,,,,
https://dam.sothebys.com/dam/image/lot/08f2c273-5814-4e81-b721-09313bd8a4c8/primary/extra_small,,,,,
https://dam.sothebys.com/dam/image/lot/443b3573-4ef2-4880-8f87-b7c506d5c4e2/primary/extra_small,,,,,
https://dam.sothebys.com/dam/image/lot/f44a7341-229f-42dd-a91e-ccde1930d258/primary/extra_small,,,,,
https://dam.sothebys.com/dam/image/lot/80a5966a-17ba-40e1-9187-0c93b178c0d5/primary/extra_small,,,,,
https://dam.sothebys.com/dam/image/lot/f695445f-fdfe-4296-accf-988b4d6a710f/primary/extra_small,,,,,
https://dam.sothebys.com/dam/image/lot/04ab526d-7873-451b-b2e5-d6c85c74b1c1/primary/extra_small,,,,,
https://dam.sothebys.com/dam/image/lot/ab88ba1d-c304-4697-ae77-e70cdc7b30f5/primary/extra_small,,,,,
https://dam.sothebys.com/dam/image/lot/44fa3b72-2510-4556-910d-fcffc95b4391/primary/extra_small,,,,,
https://dam.sothebys.com/dam/image/lot/abc6e731-c789-4960-b90c-4393c7e21ec4/primary/extra_small,,,,,
https://dam.sothebys.com/dam/image/lot/fe9afd89-e7c8-4b51-a17d-10f61d67cde0/primary/extra_small,,,,,
https://dam.sothebys.com/dam/image/lot/850dded4-8362-4885-9c45-ab313cd96d0b/primary/extra_small,,,,,
https://dam.sothebys.com/dam/image/lot/a70caada-9f14-424f-8d2c-e961a1b6955a/primary/extra_small,,,,,
https://dam.sothebys.com/dam/image/lot/6e2a9746-bff6-4925-be3b-ef540cf5caaa/primary/extra_small,,,,,
https://dam.sothebys.com/dam/image/lot/f4725348-e464-4f51-90fe-0892904335d7/primary/extra_small,,,,,
https://dam.sothebys.com/dam/image/lot/b524148b-6b9e-41bf-9290-4839b34cef92/primary/extra_small,,,,,
https://dam.sothebys.com/dam/image/lot/d91426f5-0ad6-48b5-a6ea-42440716a24c/primary/extra_small,,,,,
https://dam.sothebys.com/dam/image/lot/05cab7a9-9c45-437c-bcd2-4dfdaa931986/primary/extra_small,,,,,
https://dam.sothebys.com/dam/image/lot/701052a2-764a-48e2-b377-7ff32bce24b6/primary/extra_small,,,,,
https://dam.sothebys.com/dam/image/lot/4e290c92-5dad-4209-bb22-30f7476d24af/primary/extra_small,,,,,
https://dam.sothebys.com/dam/image/lot/e74d5b78-52e0-4c50-ae1b-eae9a7811b14/primary/extra_small,,,,,
https://dam.sothebys.com/dam/image/lot/a35bce92-b72c-4f13-a911-f4a77ff4a9ef/primary/extra_small,,,,,
https://dam.sothebys.com/dam/image/lot/875b396e-94f8-4f4d-862e-5112e376e773/primary/extra_small,,,,,
https://dam.sothebys.com/dam/image/lot/4b79e072-398a-4eee-8f78-317c1031f6f3/primary/extra_small,,,,,
https://dam.sothebys.com/dam/image/lot/3b2f1b57-758c-4c61-a32e-a734ff91aea4/primary/extra_small,,,,,
https://dam.sothebys.com/dam/image/lot/ab42206f-7bb8-41c1-afcb-59677279a750/primary/extra_small,,,,,
https://dam.sothebys.com/dam/image/lot/3f99fd1d-c97f-4e45-8932-87d4763ce399/primary/extra_small,,,,,
https://dam.sothebys.com/dam/image/lot/f7960cc8-3292-4229-8cb6-a08f30e00922/primary/extra_small,,,,,
https://dam.sothebys.com/dam/image/lot/0814fd8e-40e6-4b56-b8fe-950ad32f9f34/primary/extra_small,,,,,
https://dam.sothebys.com/dam/image/lot/7c14538a-684c-4b18-8ccc-e91e3c34ab09/primary/extra_small,,,,,
https://dam.sothebys.com/dam/image/lot/51e8b3d0-fd65-4066-9238-f72a29d8c529/primary/extra_small,,,,,
https://dam.sothebys.com/dam/image/lot/08c8b155-bd23-4415-81cb-4de310c1a9bc/primary/extra_small,,,,,
https://dam.sothebys.com/dam/image/lot/6e58c6bc-7f70-42a0-b026-9ff9508aeb01/primary/extra_small,,,,,
https://dam.sothebys.com/dam/image/lot/5eb97aa5-6a3f-4aeb-8134-f718c6352ae2/primary/extra_small,,,,,
https://dam.sothebys.com/dam/image/lot/d5d95c95-9e34-4b70-ac40-703770e0a8b8/primary/extra_small,,,,,
https://dam.sothebys.com/dam/image/lot/45226f5b-40f5-476b-9326-87845743aff9/primary/extra_small,,,,,
https://dam.sothebys.com/dam/image/lot/f60a4d6f-18e7-4685-83b7-95a03322a04c/primary/extra_small,,,,,
https://dam.sothebys.com/dam/image/lot/8c1384a2-f493-4023-a1f6-79f5b0b7a913/primary/extra_small,,,,,
https://dam.sothebys.com/dam/image/lot/6c55b7f6-55c1-42ea-a70f-d9d2e913f8bc/primary/extra_small,,,,,
https://dam.sothebys.com/dam/image/lot/aa4aa5bc-30cc-4652-92fb-46d7adf5e732/primary/extra_small,,,,,
https://dam.sothebys.com/dam/image/lot/faf49f0a-a613-4407-a2cb-e9637a771851/primary/extra_small,,,,,
https://dam.sothebys.com/dam/image/lot/695f8ed4-9843-4cf0-a5bd-0f76ffbc782b/primary/extra_small,,,,,
https://dam.sothebys.com/dam/image/lot/00428886-4ddb-4fb9-ab20-87fd6d7ea27c/primary/extra_small,,,,,
https://dam.sothebys.com/dam/image/lot/691f7286-fd07-452a-ba27-8d6201a1620e/primary/extra_small,,,,,
https://dam.sothebys.com/dam/image/lot/6ecc6e57-092c-4c90-96bc-a89c1ff896d0/primary/extra_small,,,,,
https://dam.sothebys.com/dam/image/lot/45592b3a-1528-4a7d-bd06-b5bd19d63631/primary/extra_small,,,,,
https://dam.sothebys.com/dam/image/lot/8bbc700d-2b8b-4ba8-a646-1f13a0a8ebe0/primary/extra_small,,,,,
https://dam.sothebys.com/dam/image/lot/838c0723-8626-4acb-a1fb-41e317d1c685/primary/extra_small,,,,,
https://dam.sothebys.com/dam/image/lot/dce9d21d-e0df-400c-8b59-b72a39c6ade0/primary/extra_small,,,,,
https://dam.sothebys.com/dam/image/lot/c7c42b2c-327f-4f30-9cd7-9bda1b93bc0d/primary/extra_small,,,,,
https://dam.sothebys.com/dam/image/lot/d42dee7d-51c3-4e94-9c0f-f6abd3b81c7a/primary/extra_small,,,,,
https://dam.sothebys.com/dam/image/lot/bdcb83a2-f7fa-4187-bc81-3edd5fa8568a/primary/extra_small,,,,,
https://dam.sothebys.com/dam/image/lot/1d2d8874-7a4c-44ef-9c54-352eb646d8b0/primary/extra_small,,,,,
https://dam.sothebys.com/dam/image/lot/271dded7-91d7-46f8-89bf-2981ca449799/primary/extra_small,,,,,
https://dam.sothebys.com/dam/image/lot/87a64fe9-559d-43a6-80ab-0ebf34039c04/primary/extra_small,,,,,
https://dam.sothebys.com/dam/image/lot/f104167a-bf90-4599-bd87-f9d7e113a770/primary/extra_small,,,,,
https://dam.sothebys.com/dam/image/lot/02899f42-75b1-4c08-99f4-82789cae7747/primary/extra_small,,,,,
https://dam.sothebys.com/dam/image/lot/22086521-12da-4d1d-bd9e-4abf66f51fe5/primary/extra_small,,,,,
https://dam.sothebys.com/dam/image/lot/e2f20d96-721a-4579-a48b-c12de1c12bae/primary/extra_small,,,,,
https://dam.sothebys.com/dam/image/lot/c28ad638-25a8-4de4-bf57-609469e15788/primary/extra_small,,,,,
https://dam.sothebys.com/dam/image/lot/5573df73-08b6-475d-8125-8786126713d8/primary/extra_small,,,,,
https://dam.sothebys.com/dam/image/lot/e30f494e-4967-470e-8013-b01bf6a8a9db/primary/extra_small,,,,,
https://dam.sothebys.com/dam/image/lot/c65e5024-0577-4ef1-ad5b-374c0f3d00d6/primary/extra_small,,,,,
https://dam.sothebys.com/dam/image/lot/3fa5275f-6d4c-449b-8b1c-f518917650bd/primary/extra_small,,,,,
https://dam.sothebys.com/dam/image/lot/228e6579-d442-4c01-b966-b97e95f327c9/primary/extra_small,,,,,
https://dam.sothebys.com/dam/image/lot/657c6fc0-38b7-4b4c-8f32-2053ebb764dc/primary/extra_small,,,,,
https://dam.sothebys.com/dam/image/lot/0e51e8d3-b138-411c-8a9c-8d61241b4372/primary/extra_small,,,,,
https://dam.sothebys.com/dam/image/lot/2c049cf9-7907-4d38-ad75-e80f733c99f9/primary/extra_small,,,,,
https://dam.sothebys.com/dam/image/lot/2e76da27-a13f-4bc0-bb30-e81b211d14c5/primary/extra_small,,,,,
https://dam.sothebys.com/dam/image/lot/58987f80-e8c8-4ab4-8c8a-6831828478ec/primary/extra_small,,,,,
https://dam.sothebys.com/dam/image/lot/27e43002-5954-4e96-bb14-09f1d9b6ab21/primary/extra_small,,,,,
https://dam.sothebys.com/dam/image/lot/241e000d-8e77-46ab-bfc5-93adf2402318/primary/extra_small,,,,,
https://dam.sothebys.com/dam/image/lot/b0f290b5-2979-4ced-899c-e1d87e386771/primary/extra_small,,,,,
https://dam.sothebys.com/dam/image/lot/0c3b055e-f2c7-4428-8a26-c65276da5fe0/primary/extra_small,,,,,
https://dam.sothebys.com/dam/image/lot/5b44ff0b-b261-4251-ab66-4cbf57f3cced/primary/extra_small,,,,,
https://dam.sothebys.com/dam/image/lot/5dfdaeb3-152d-4733-b358-2191d916d9a8/primary/extra_small,,,,,
https://dam.sothebys.com/dam/image/lot/bad85baa-a30f-4dc8-bd7d-73a948760aeb/primary/extra_small,,,,,
https://dam.sothebys.com/dam/image/lot/96abbe04-8119-4230-8115-535e6f2630f7/primary/extra_small,,,,,
https://dam.sothebys.com/dam/image/lot/96d2be1d-5abc-40fb-abdf-624122253fac/primary/extra_small,,,,,
https://dam.sothebys.com/dam/image/lot/59019574-ea7c-41fe-807e-0df5118c195f/primary/extra_small,,,,,
https://dam.sothebys.com/dam/image/lot/1eaee678-4075-42b3-a049-036bcce45e1c/primary/extra_small,,,,,
https://dam.sothebys.com/dam/image/lot/ba6adb0c-af74-4757-a09e-ec3843185819/primary/extra_small,,,,,
https://dam.sothebys.com/dam/image/lot/ffe199d8-0cf1-41a3-bbea-8c05733d176b/primary/extra_small,,,,,
https://dam.sothebys.com/dam/image/lot/e1791936-2f3c-4093-8026-6e2dc4ded4ea/primary/extra_small,,,,,
https://dam.sothebys.com/dam/image/lot/ee544c09-5215-4690-9340-3d141096caad/primary/extra_small,,,,,
https://dam.sothebys.com/dam/image/lot/fb03d98c-4e86-4b2b-b044-8b2ae78368fd/primary/extra_small,,,,,
https://dam.sothebys.com/dam/image/lot/08364bc6-a0dd-4747-8da7-847068260966/primary/extra_small,,,,,
https://dam.sothebys.com/dam/image/lot/b39577ab-44f4-4325-ad56-00b46fb4d8cc/primary/extra_small,,,,,
https://dam.sothebys.com/dam/image/lot/05934c72-ade4-49e1-b928-51c6fe072726/primary/extra_small,,,,,
https://dam.sothebys.com/dam/image/lot/22c4a5c1-96e7-4586-b5f8-9f1e32a66e30/primary/extra_small,,,,,
https://dam.sothebys.com/dam/image/lot/bb2f7246-fd6b-4e1a-9a51-e1990678b44f/primary/extra_small,,,,,
https://dam.sothebys.com/dam/image/lot/691af9c5-c389-43df-a827-9969a5118ab5/primary/extra_small,,,,,
https://dam.sothebys.com/dam/image/lot/e41586b9-45e2-427e-b997-8cd45fcd5db1/primary/extra_small,,,,,
https://dam.sothebys.com/dam/image/lot/85987b5e-578f-44e4-a16c-b1c801fab382/primary/extra_small,,,,,
https://dam.sothebys.com/dam/image/lot/00d0995e-7c96-4731-8903-12d8246e680c/primary/extra_small,,,,,
https://dam.sothebys.com/dam/image/lot/fd2747dd-8feb-4d33-b721-da4b01a8a23a/primary/extra_small,,,,,
https://dam.sothebys.com/dam/image/lot/1b31d9c5-40f3-4147-b5ad-987d7956ff5a/primary/extra_small,,,,,
https://dam.sothebys.com/dam/image/lot/fa48ec8b-cbd1-450b-9f33-df8b56835497/primary/extra_small,,,,,
https://dam.sothebys.com/dam/image/lot/94cd0569-a197-4c45-9a2d-249799da90f2/primary/extra_small,,,,,
https://dam.sothebys.com/dam/image/lot/c2214471-19f5-4ec8-a971-048a0ac4caa9/primary/extra_small,,,,,
https://dam.sothebys.com/dam/image/lot/160a6f8f-6de9-4fe7-8a0e-35550b4003af/primary/extra_small,,,,,
https://dam.sothebys.com/dam/image/lot/12014dc9-d4d3-412c-8e13-70b518fb30ce/primary/extra_small,,,,,
https://dam.sothebys.com/dam/image/lot/599bc829-c776-4bbd-acd3-1270f28f6359/primary/extra_small,,,,,
https://dam.sothebys.com/dam/image/lot/25a55576-7691-43bf-a4b3-5b64a3b8500b/primary/extra_small,,,,,
https://dam.sothebys.com/dam/image/lot/6f1537ef-0b12-4aae-8de1-cdf2b76d3c19/primary/extra_small,,,,,
https://dam.sothebys.com/dam/image/lot/61a575e8-f239-4312-87e1-94ac5f5f882c/primary/extra_small,,,,,
https://dam.sothebys.com/dam/image/lot/ab7cb598-724c-45e0-ab86-a8782fa18506/primary/extra_small,,,,,
https://dam.sothebys.com/dam/image/lot/736cc145-760e-4f66-bf1b-3c342baa1801/primary/extra_small,,,,,
https://dam.sothebys.com/dam/image/lot/020a3de3-3931-41c6-927d-6f2e31ccc611/primary/extra_small,,,,,
https://dam.sothebys.com/dam/image/lot/15cd9ed4-1d30-4f11-a429-df2e1aecada3/primary/extra_small,,,,,
https://dam.sothebys.com/dam/image/lot/92f57c77-28c4-4723-b472-270d2c64e545/primary/extra_small,,,,,
https://dam.sothebys.com/dam/image/lot/e7665937-81f4-4df0-90d8-eb6e5bc3fe4a/primary/extra_small,,,,,
https://dam.sothebys.com/dam/image/lot/e7ce4825-7dcf-478b-a6b5-4ac46422c840/primary/extra_small,,,,,
https://dam.sothebys.com/dam/image/lot/3ce73116-8e9c-45d0-91e7-c34474b3bce0/primary/extra_small,,,,,
https://dam.sothebys.com/dam/image/lot/0f521fb7-aa13-4fa0-ac2b-6877d33c2c0c/primary/extra_small,,,,,
https://dam.sothebys.com/dam/image/lot/c4aec4e1-0bf9-4c64-9f57-cc325af1c47f/primary/extra_small,,,,,
https://dam.sothebys.com/dam/image/lot/f706b5fd-2809-47dd-aebd-bbc1d5a0da26/primary/extra_small,,,,,
https://dam.sothebys.com/dam/image/lot/90039699-b52e-479a-8be7-d0f0dce08f29/primary/extra_small,,,,,
https://dam.sothebys.com/dam/image/lot/894b2d48-d982-4bf9-8dae-eebe629c62d1/primary/extra_small,,,,,
https://dam.sothebys.com/dam/image/lot/8840afc5-caf9-4466-a631-967cc9a7e13c/primary/extra_small,,,,,
https://dam.sothebys.com/dam/image/lot/4ef0d402-cf45-476f-ad80-d8aac14b8f7a/primary/extra_small,,,,,
https://dam.sothebys.com/dam/image/lot/1bbe7721-d198-4cd1-ad63-4f616b1d681e/primary/extra_small,,,,,
https://dam.sothebys.com/dam/image/lot/50d88463-a638-444c-9848-3c77da69c17a/primary/extra_small,,,,,
https://dam.sothebys.com/dam/image/lot/eda6a149-2b04-44a3-a864-cfdb478c9d27/primary/extra_small,,,,,
https://dam.sothebys.com/dam/image/lot/dce295d9-57db-456f-afd2-ad27a4f885b4/primary/extra_small,,,,,
https://dam.sothebys.com/dam/image/lot/de638846-1c46-4535-b21f-daaaae2d13eb/primary/extra_small,,,,,
https://dam.sothebys.com/dam/image/lot/eb7d7638-4093-4075-bdd4-f11206487391/primary/extra_small,,,,,
https://dam.sothebys.com/dam/image/lot/1199b9e9-1df5-48c6-a0bc-ff5ac6ecec14/primary/extra_small,,,,,
https://dam.sothebys.com/dam/image/lot/35828eda-571b-445c-b07b-eed17ab77f37/primary/extra_small,,,,,
https://dam.sothebys.com/dam/image/lot/d22b9bd2-7b0f-430d-ba0b-437a402c9fc3/primary/extra_small,,,,,
https://dam.sothebys.com/dam/image/lot/69a780fc-bcfe-4ad3-926a-8344643daa0b/primary/extra_small,,,,,
https://dam.sothebys.com/dam/image/lot/bd3d4709-d9dd-4efc-a7bc-19bc6b1256fb/primary/extra_small,,,,,
https://dam.sothebys.com/dam/image/lot/627efba8-e7be-41d5-aba9-6e6bd4ec4754/primary/extra_small,,,,,
https://dam.sothebys.com/dam/image/lot/6595ecc2-23b4-4147-bb8f-d9cd8297aeac/primary/extra_small,,,,,
https://dam.sothebys.com/dam/image/lot/49ea01e7-29bf-4f91-bdfc-ceacbd322614/primary/extra_small,,,,,
https://dam.sothebys.com/dam/image/lot/bb1d91ea-45bb-48f3-8995-53418aea3548/primary/extra_small,,,,,
https://dam.sothebys.com/dam/image/lot/421eb9ba-3a2d-4db7-8077-db8591ec046a/primary/extra_small,,,,,
https://dam.sothebys.com/dam/image/lot/9b6b42bc-a4ce-4888-94b8-88781aecf04d/primary/extra_small,,,,,
https://dam.sothebys.com/dam/image/lot/c8b241f7-e59e-4baf-92e6-a1b829ec66b2/primary/extra_small,,,,,
https://dam.sothebys.com/dam/image/lot/70b07b70-0977-45d0-b78f-2f9b6653c4f4/primary/extra_small,,,,,
https://dam.sothebys.com/dam/image/lot/53795657-2767-4983-9d3f-a53f3b80996f/primary/extra_small,,,,,
https://dam.sothebys.com/dam/image/lot/056861e2-732e-4f30-a459-a1ea79259152/primary/extra_small,,,,,
https://dam.sothebys.com/dam/image/lot/17107c85-d364-46b5-ab89-fa2a937effc0/primary/extra_small,,,,,
https://dam.sothebys.com/dam/image/lot/4a2a0587-5847-4fbe-aa22-7bfe2ef7a2f8/primary/extra_small,,,,,
https://dam.sothebys.com/dam/image/lot/630dc39a-3bc9-4a6d-b17a-7f3a2e570987/primary/extra_small,,,,,
https://dam.sothebys.com/dam/image/lot/570e92ad-9e1a-4db6-a9ff-dd45a6a077a7/primary/extra_small,,,,,
https://dam.sothebys.com/dam/image/lot/9aa6d254-551f-415b-8a46-e096b3968d3a/primary/extra_small,,,,,
https://dam.sothebys.com/dam/image/lot/f9fcae7c-925d-4b0b-bfa5-50e1855f8d69/primary/extra_small,,,,,
https://dam.sothebys.com/dam/image/lot/e52128f5-b04e-4055-8933-ef88cfbec0db/primary/extra_small,,,,,
https://dam.sothebys.com/dam/image/lot/8fd845d2-69be-40c4-8642-9559e3c219b2/primary/extra_small,,,,,
https://dam.sothebys.com/dam/image/lot/c21dc078-fa35-4b85-ad66-2c9835a12871/primary/extra_small,,,,,
https://dam.sothebys.com/dam/image/lot/9a340ac8-5af6-4ab0-8cf1-f12d972ba5f3/primary/extra_small,,,,,
https://dam.sothebys.com/dam/image/lot/8493c94b-0019-4edd-be06-4d2109154082/primary/extra_small,,,,,
https://dam.sothebys.com/dam/image/lot/f1f3ae23-1878-49b3-b915-07724fb62c36/primary/extra_small,,,,,
https://dam.sothebys.com/dam/image/lot/97d4ace8-2ca3-4ebb-b17b-746afbd7ab54/primary/extra_small,,,,,
https://dam.sothebys.com/dam/image/lot/5644c98f-3fce-4256-a887-e12ad8e39b61/primary/extra_small,,,,,
https://dam.sothebys.com/dam/image/lot/a6843c08-a33e-4593-bd77-26fd90b89ac4/primary/extra_small,,,,,
https://dam.sothebys.com/dam/image/lot/7d941270-1166-4191-abbd-0c1cc25ac208/primary/extra_small,,,,,
https://dam.sothebys.com/dam/image/lot/e8e8aeb4-7c5f-46d2-8e81-7023b6e79486/primary/extra_small,,,,,
https://dam.sothebys.com/dam/image/lot/7d153fc0-43ad-4952-8223-11aeef7f2a28/primary/extra_small,,,,,
https://dam.sothebys.com/dam/image/lot/fa38715c-efb9-4939-aa8d-2df39d4167b1/primary/extra_small,,,,,
https://dam.sothebys.com/dam/image/lot/4affb72f-fe00-4c7e-9935-3d5dc4f7fe20/primary/extra_small,,,,,
https://dam.sothebys.com/dam/image/lot/21a3f8b9-9359-4fd7-963e-6a1057117dcd/primary/extra_small,,,,,
https://dam.sothebys.com/dam/image/lot/6472f755-1570-469c-add3-3cb2125640f8/primary/extra_small,,,,,
https://dam.sothebys.com/dam/image/lot/00c09689-5e15-4131-ba02-8ac0e6514e01/primary/extra_small,,,,,
https://dam.sothebys.com/dam/image/lot/1cf3d9d0-816f-40ca-81cd-ce31b9733e74/primary/extra_small,,,,,
https://dam.sothebys.com/dam/image/lot/a5ec1f63-0ce3-4934-952e-9303925698da/primary/extra_small,,,,,
https://dam.sothebys.com/dam/image/lot/22cad0b5-b0cf-4204-8366-5d80447893b3/primary/extra_small,,,,,
https://dam.sothebys.com/dam/image/lot/937ac884-31da-4c96-b89a-d65fa27b3784/primary/extra_small,,,,,
https://dam.sothebys.com/dam/image/lot/294ec57b-3809-4e2e-9096-a0d99083c810/primary/extra_small,,,,,
https://dam.sothebys.com/dam/image/lot/9b984bbb-7df8-4517-817d-a00258059d21/primary/extra_small,,,,,
https://dam.sothebys.com/dam/image/lot/ddc40e1b-4d2c-487f-ab01-9283a1a85dcd/primary/extra_small,,,,,
https://dam.sothebys.com/dam/image/lot/b88ffbc2-0831-42c2-a228-48b8dc5700b0/primary/extra_small,,,,,
https://dam.sothebys.com/dam/image/lot/9dce1f74-bcc6-4991-b551-0d1b2515692e/primary/extra_small,,,,,
https://dam.sothebys.com/dam/image/lot/2d64e346-72cd-496b-b040-0e17a8a95b72/primary/extra_small,,,,,
https://dam.sothebys.com/dam/image/lot/ddc9b45d-2b1e-48db-841c-2b0be7bd2b26/primary/extra_small,,,,,
https://dam.sothebys.com/dam/image/lot/4b1ba7aa-3945-4fe2-aa29-ca26e29ba42b/primary/extra_small,,,,,
https://dam.sothebys.com/dam/image/lot/80bb9126-7e54-44ab-9cb3-1d0c929df864/primary/extra_small,,,,,
https://dam.sothebys.com/dam/image/lot/ecb038ba-72e6-456e-b923-f38b94910702/primary/extra_small,,,,,
https://dam.sothebys.com/dam/image/lot/40b2292e-3162-4e96-982a-3d830f3b736b/primary/extra_small,,,,,
https://dam.sothebys.com/dam/image/lot/fd7fbf79-8b10-4ef5-95c1-453817e174ac/primary/extra_small,,,,,
https://dam.sothebys.com/dam/image/lot/c7ea0c71-f2c3-4bc9-9a25-8828d07f0140/primary/extra_small,,,,,
https://dam.sothebys.com/dam/image/lot/5e1e486e-5413-4faa-95c0-02bc74dac456/primary/extra_small,,,,,
https://dam.sothebys.com/dam/image/lot/f4ed6bd2-7824-4bc0-b093-5f22cebfe987/primary/extra_small,,,,,
https://dam.sothebys.com/dam/image/lot/a1689d6c-267e-4213-9dd3-43fed84a0bdc/primary/extra_small,,,,,
https://dam.sothebys.com/dam/image/lot/0c84c3a8-5dda-457f-a9db-36ceb4f85f2d/primary/extra_small,,,,,
https://dam.sothebys.com/dam/image/lot/6e194a7e-f4b5-4596-af8d-2951fe2b0a91/primary/extra_small,,,,,
https://dam.sothebys.com/dam/image/lot/98f2e351-6029-4653-8695-e23153f4f49c/primary/extra_small,,,,,
https://dam.sothebys.com/dam/image/lot/bdc40048-55e1-4c01-9dfc-4b3e3aa80ddb/primary/extra_small,,,,,
https://dam.sothebys.com/dam/image/lot/36fb856e-e6a5-4864-9d4e-b68bc1f95cfa/primary/extra_small,,,,,
https://dam.sothebys.com/dam/image/lot/f72c0bac-430b-4dd3-89f3-8fdf4fc1d7ab/primary/extra_small,,,,,
https://dam.sothebys.com/dam/image/lot/51cf630c-5faf-4f8f-8c5f-6ba8da47d72a/primary/extra_small,,,,,
https://dam.sothebys.com/dam/image/lot/af677b84-a8bf-42b4-8025-4aa311de8757/primary/extra_small,,,,,
https://dam.sothebys.com/dam/image/lot/28084484-fd98-4172-8748-7ff705237e11/primary/extra_small,,,,,
https://dam.sothebys.com/dam/image/lot/50f9354e-7725-4948-a16d-c52efbaa23d8/primary/extra_small,,,,,
https://dam.sothebys.com/dam/image/lot/4be43aae-6372-4a17-a1be-4422f9d3b196/primary/extra_small,,,,,
https://dam.sothebys.com/dam/image/lot/27c44aeb-ec7e-4f73-8011-6fd45bdca34d/primary/extra_small,,,,,
https://dam.sothebys.com/dam/image/lot/b15eaa24-df3f-4daf-98e1-67a5a59ee4da/primary/extra_small,,,,,
https://dam.sothebys.com/dam/image/lot/5a6b2d4d-d9cc-4d7b-80a8-0a093a321ffc/primary/extra_small,,,,,
https://dam.sothebys.com/dam/image/lot/de44f5eb-306c-492a-9702-ec3842c36a8f/primary/extra_small,,,,,
https://dam.sothebys.com/dam/image/lot/9ffa8198-7488-4feb-881d-2b616daed5c0/primary/extra_small,,,,,
https://dam.sothebys.com/dam/image/lot/cac2b34d-ca81-45fb-8fda-e4634042eaca/primary/extra_small,,,,,
https://dam.sothebys.com/dam/image/lot/32c0765a-3364-40dd-9c26-b01c3cc88a02/primary/extra_small,,,,,
https://dam.sothebys.com/dam/image/lot/845d36da-981c-4f5e-8fa2-b71a3b84a355/primary/extra_small,,,,,
https://dam.sothebys.com/dam/image/lot/764108b0-c8c7-4a8d-958e-5340b676fce9/primary/extra_small,,,,,
https://dam.sothebys.com/dam/image/lot/26d8de02-d719-4cd0-bbd6-8838d5a0b6ba/primary/extra_small,,,,,
https://dam.sothebys.com/dam/image/lot/6ba5f83c-0408-439c-a334-4f796b8bf1df/primary/extra_small,,,,,
https://dam.sothebys.com/dam/image/lot/afec1a6d-198c-4052-a134-91b9cfb361bc/primary/extra_small,,,,,
https://dam.sothebys.com/dam/image/lot/074766dd-7286-4fc3-99ef-7d34ad2e75d9/primary/extra_small,,,,,
https://dam.sothebys.com/dam/image/lot/2a1cd72e-4421-41fd-bb61-16d750a746de/primary/extra_small,,,,,
https://dam.sothebys.com/dam/image/lot/fc8b5f87-404d-45ab-8013-286205c8bcc7/primary/extra_small,,,,,
https://dam.sothebys.com/dam/image/lot/77b2f347-5f9e-40c4-9956-ecce7c71851b/primary/extra_small,,,,,
https://dam.sothebys.com/dam/image/lot/d60a66c6-b0a8-4e06-b57a-7c8810ab5113/primary/extra_small,,,,,
https://dam.sothebys.com/dam/image/lot/be14fa13-39bc-4f04-ae4f-f8840bb92c11/primary/extra_small,,,,,
https://dam.sothebys.com/dam/image/lot/e5de6575-3e62-4573-8799-e9a631cdbf8d/primary/extra_small,,,,,
https://dam.sothebys.com/dam/image/lot/0f7a8ef4-cd0f-426d-b108-4f8aac3a5b02/primary/extra_small,,,,,
https://dam.sothebys.com/dam/image/lot/7ed497fd-592f-45ff-a11c-6f7eab5e249c/primary/extra_small,,,,,
https://dam.sothebys.com/dam/image/lot/ced4e607-9661-4150-a920-452a17c54713/primary/extra_small,,,,,
https://dam.sothebys.com/dam/image/lot/062c82d1-4fc3-474b-b40c-e970e07be826/primary/extra_small,,,,,
https://dam.sothebys.com/dam/image/lot/cd610989-8592-4f02-b78d-69be1a890354/primary/extra_small,,,,,
https://dam.sothebys.com/dam/image/lot/7a81e2ef-d0ba-49e3-aeef-e43de121f35c/primary/extra_small,,,,,
https://dam.sothebys.com/dam/image/lot/a6fc60fd-1074-475d-8da9-0c806fe7f231/primary/extra_small,,,,,
https://dam.sothebys.com/dam/image/lot/c73a0b2b-d478-4b1f-b316-9216fd59e344/primary/extra_small,,,,,
https://dam.sothebys.com/dam/image/lot/d8254626-9693-49fe-83a5-2c66ff053147/primary/extra_small,,,,,
https://dam.sothebys.com/dam/image/lot/0602ed7d-05f2-436d-99ea-985a2c06fbf1/primary/extra_small,,,,,
https://dam.sothebys.com/dam/image/lot/f1b352da-5c69-498e-95ac-31fe15be6cb0/primary/extra_small,,,,,
https://dam.sothebys.com/dam/image/lot/8be885cd-b76c-44bf-9af4-bef6e0cad863/primary/extra_small,,,,,
https://dam.sothebys.com/dam/image/lot/5f92fa72-c071-4ed6-8be1-59e5a3788699/primary/extra_small,,,,,
https://dam.sothebys.com/dam/image/lot/7f1f165a-eb9c-4933-85a9-24fc890a7e98/primary/extra_small,,,,,
https://dam.sothebys.com/dam/image/lot/372c29ad-e7e6-4284-9b59-fafc6cf33659/primary/extra_small,,,,,
https://dam.sothebys.com/dam/image/lot/a64cfa80-96c2-4f69-9133-5e015f9a7e1c/primary/extra_small,,,,,
https://dam.sothebys.com/dam/image/lot/e5533758-bc2d-4a92-af9b-11575db6f887/primary/extra_small,,,,,
https://dam.sothebys.com/dam/image/lot/b42ff7ee-9d91-4602-9240-e8ecf85163ec/primary/extra_small,,,,,
https://dam.sothebys.com/dam/image/lot/8b0973cb-e40f-40e4-986c-3f69cab194d6/primary/extra_small,,,,,
https://dam.sothebys.com/dam/image/lot/223c723a-dd06-4221-9e6d-3688d32f70de/primary/extra_small,,,,,
https://dam.sothebys.com/dam/image/lot/c0a86eed-7fb8-41ea-91ef-da1c5bfa9fa8/primary/extra_small,,,,,
https://dam.sothebys.com/dam/image/lot/c45e22f7-c21b-44e2-b816-a00edacd3580/primary/extra_small,,,,,
https://dam.sothebys.com/dam/image/lot/9a8d753c-ac3b-409d-8708-0023af70ac7d/primary/extra_small,,,,,
https://dam.sothebys.com/dam/image/lot/e672c571-059a-4337-8e58-3b6804a9fdee/primary/extra_small,,,,,
https://dam.sothebys.com/dam/image/lot/a487aed7-66e1-4e9f-b287-0e6ddb0f8e7c/primary/extra_small,,,,,
https://dam.sothebys.com/dam/image/lot/35e1147d-69fb-4263-a75d-f08a129f99b6/primary/extra_small,,,,,
https://dam.sothebys.com/dam/image/lot/bf792919-275c-4451-a8bb-e538d2454c9d/primary/extra_small,,,,,
https://dam.sothebys.com/dam/image/lot/09a39b14-d633-48d3-b8f2-ca390539156f/primary/extra_small,,,,,
https://dam.sothebys.com/dam/image/lot/02bcf5a4-ad84-418a-86ca-dd9ea0ed5ee6/primary/extra_small,,,,,
https://dam.sothebys.com/dam/image/lot/f0d07e78-7d70-4961-a81b-f4d00cc08796/primary/extra_small,,,,,
https://dam.sothebys.com/dam/image/lot/7fa4a6ab-154f-4e8f-a2c0-e175a03c2cd2/primary/extra_small,,,,,
https://dam.sothebys.com/dam/image/lot/1f400c23-8b8e-4a0c-9b09-aea23789d188/primary/extra_small,,,,,
https://dam.sothebys.com/dam/image/lot/398fec13-fc14-4306-815c-08422f868f27/primary/extra_small,,,,,
https://dam.sothebys.com/dam/image/lot/a7225972-6cdf-4017-b002-d0e8ad283eac/primary/extra_small,,,,,
https://dam.sothebys.com/dam/image/lot/c3b21c76-d9ce-41e4-88ce-55c58ca555e2/primary/extra_small,,,,,
https://dam.sothebys.com/dam/image/lot/320dbada-0e01-4f78-9fb2-afd0e7255ec9/primary/extra_small,,,,,
https://dam.sothebys.com/dam/image/lot/9eaec848-449d-4251-90be-ea973e67a463/primary/extra_small,,,,,
https://dam.sothebys.com/dam/image/lot/34b17690-7647-4702-ae3e-5616c2cdfe41/primary/extra_small,,,,,
https://dam.sothebys.com/dam/image/lot/a92bf7d7-cdb3-4910-bf82-e625741afa87/primary/extra_small,,,,,
https://dam.sothebys.com/dam/image/lot/1aed31b7-cefd-40b8-bf05-db234852d5e8/primary/extra_small,,,,,
https://dam.sothebys.com/dam/image/lot/162c3144-c113-4ebd-ac67-51614480da25/primary/extra_small,,,,,
https://dam.sothebys.com/dam/image/lot/e28e6270-a503-42d0-9135-92b419db5a5c/primary/extra_small,,,,,
https://dam.sothebys.com/dam/image/lot/110e5f3c-f4a3-4b95-80b2-0199c69bd215/primary/extra_small,,,,,
https://dam.sothebys.com/dam/image/lot/d6cd6572-d73e-499a-9494-2d71a0ea6724/primary/extra_small,,,,,
https://dam.sothebys.com/dam/image/lot/a3b0abb9-3cbe-4a65-95b8-bf5a1ba97b89/primary/extra_small,,,,,
https://dam.sothebys.com/dam/image/lot/23d3cdec-2392-4e0f-8f4c-ee3f639e06ce/primary/extra_small,,,,,
https://dam.sothebys.com/dam/image/lot/e65cad70-8dc4-42be-8e7a-a7c6d367134c/primary/extra_small,,,,,
https://dam.sothebys.com/dam/image/lot/1c026369-0db9-4b9c-afdc-1b5afac9d195/primary/extra_small,,,,,
https://dam.sothebys.com/dam/image/lot/660a8e18-1569-49a2-8a31-d03de87244d8/primary/extra_small,,,,,
https://dam.sothebys.com/dam/image/lot/e673b081-23d8-4483-8057-84fbb50c1098/primary/extra_small,,,,,
https://dam.sothebys.com/dam/image/lot/53ab39af-91f4-4c09-95f4-62751c049927/primary/extra_small,,,,,
https://dam.sothebys.com/dam/image/lot/4501ea3b-2951-4204-b284-79310d0025f7/primary/extra_small,,,,,
https://dam.sothebys.com/dam/image/lot/5642c86e-132d-440a-abcb-ce48acb943d0/primary/extra_small,,,,,
https://dam.sothebys.com/dam/image/lot/1287fe54-2009-4318-9f92-fd2e039a4c0d/primary/extra_small,,,,,
https://dam.sothebys.com/dam/image/lot/9170f614-822e-40ca-bb62-65b6ad7c00f9/primary/extra_small,,,,,
https://dam.sothebys.com/dam/image/lot/9d731ba7-3335-40c8-a1c3-ceea36a9a205/primary/extra_small,,,,,
https://dam.sothebys.com/dam/image/lot/b5c3e271-6849-4712-976d-aba7eef313ad/primary/extra_small,,,,,
https://dam.sothebys.com/dam/image/lot/d96fb971-36e4-43ca-9940-15ae910fd553/primary/extra_small,,,,,
https://dam.sothebys.com/dam/image/lot/111220b6-803e-475f-b33a-0a984ff6f80f/primary/extra_small,,,,,
https://dam.sothebys.com/dam/image/lot/e8be31a8-3640-4928-942a-e680badc4b64/primary/extra_small,,,,,
https://dam.sothebys.com/dam/image/lot/815b61e5-f003-4ea9-b95c-825c51022b29/primary/extra_small,,,,,
https://dam.sothebys.com/dam/image/lot/c7b798f6-9d13-4c66-b5ee-594d0409092f/primary/extra_small,,,,,
https://dam.sothebys.com/dam/image/lot/a8030bdc-dd2c-4944-93f5-603ebcf971af/primary/extra_small,,,,,
https://dam.sothebys.com/dam/image/lot/70a428b2-99a6-4f78-a4cf-7d83f82c37fb/primary/extra_small,,,,,
https://dam.sothebys.com/dam/image/lot/20c936d9-703e-4d70-8d2d-35e8cff022a0/primary/extra_small,,,,,
https://dam.sothebys.com/dam/image/lot/68ab6d3c-2c94-4a93-9dc2-c56eadfffdbd/primary/extra_small,,,,,
https://dam.sothebys.com/dam/image/lot/966aee64-1271-460f-b5ae-4a571b3f75ec/primary/extra_small,,,,,
https://dam.sothebys.com/dam/image/lot/a5362c17-c03b-4fb5-9d15-1715bbc6ded3/primary/extra_small,,,,,
https://dam.sothebys.com/dam/image/lot/66c06aa8-73d9-4964-baad-f44088db1036/primary/extra_small,,,,,
https://dam.sothebys.com/dam/image/lot/4e2091ed-9e20-4e59-a5d9-cb6164ea7d7e/primary/extra_small,,,,,
https://dam.sothebys.com/dam/image/lot/24e2fb3d-88b4-4c95-8902-75789763ef40/primary/extra_small,,,,,
https://dam.sothebys.com/dam/image/lot/0106c64d-6dac-4c88-9294-d0a20dfc9155/primary/extra_small,,,,,
https://dam.sothebys.com/dam/image/lot/6035b145-419e-41fb-8e62-a1d00e60a8cd/primary/extra_small,,,,,
https://dam.sothebys.com/dam/image/lot/1e9e11ec-aa96-4cc6-8367-297b4abd466f/primary/extra_small,,,,,
https://dam.sothebys.com/dam/image/lot/24cb6ade-b1eb-4313-8b5f-51eb25fe78dc/primary/extra_small,,,,,
https://dam.sothebys.com/dam/image/lot/b3027406-5684-4c77-a82f-0accf874bc6b/primary/extra_small,,,,,
https://dam.sothebys.com/dam/image/lot/5a6c342f-21ae-434f-8867-5a184b7b2670/primary/extra_small,,,,,
https://dam.sothebys.com/dam/image/lot/d0007971-2f91-4a5c-9e0d-6247db6663d0/primary/extra_small,,,,,
https://dam.sothebys.com/dam/image/lot/836dbb6c-6754-4f42-b0d0-1be37deaa8e3/primary/extra_small,,,,,
https://dam.sothebys.com/dam/image/lot/554e0e78-17d0-439c-91fa-e3169d8613a4/primary/extra_small,,,,,
https://dam.sothebys.com/dam/image/lot/abbb76fe-b83a-4e2d-9c44-23c287aa10d5/primary/extra_small,,,,,
https://dam.sothebys.com/dam/image/lot/db329312-b5b3-41bc-9536-488b2b11e9ba/primary/extra_small,,,,,
https://dam.sothebys.com/dam/image/lot/55ee5252-449b-411e-864c-a0e6bf76c5f7/primary/extra_small,,,,,
https://dam.sothebys.com/dam/image/lot/0aba93ba-ad6c-4b64-b758-5e6fdf9e8031/primary/extra_small,,,,,
https://dam.sothebys.com/dam/image/lot/f974e4ed-fd2e-4012-a643-e5df3c95ef09/primary/extra_small,,,,,
https://dam.sothebys.com/dam/image/lot/d5257532-9abe-41f0-bff9-66a715ca55f2/primary/extra_small,,,,,
https://dam.sothebys.com/dam/image/lot/8de6041e-96e2-498b-9268-822072390d1b/primary/extra_small,,,,,
https://dam.sothebys.com/dam/image/lot/31b59368-96fc-4d7d-9e8b-0e201eb27a03/primary/extra_small,,,,,
https://dam.sothebys.com/dam/image/lot/822ffa84-f410-4452-8e8c-84abacaf90a5/primary/extra_small,,,,,
https://dam.sothebys.com/dam/image/lot/54529cc3-5a4e-433b-84af-79d9d63aafee/primary/extra_small,,,,,
https://dam.sothebys.com/dam/image/lot/d1a6eb74-5d3a-4d77-8f72-f8bd1e173735/primary/extra_small,,,,,
https://dam.sothebys.com/dam/image/lot/d872f843-2e30-43a7-9fbf-d60647827c6b/primary/extra_small,,,,,
https://dam.sothebys.com/dam/image/lot/ef646fe2-381a-446c-9b89-a5b661a207bd/primary/extra_small,,,,,
https://dam.sothebys.com/dam/image/lot/09b09689-49e8-4f3c-a64e-73fde9e0e853/primary/extra_small,,,,,
https://dam.sothebys.com/dam/image/lot/fd58677e-9886-4935-9332-c14923c3335b/primary/extra_small,,,,,
https://dam.sothebys.com/dam/image/lot/b57b933f-134f-4788-b1fb-5f9ec83c7231/primary/extra_small,,,,,
https://dam.sothebys.com/dam/image/lot/29b0c0a4-8b69-472d-a36c-3ec36670a020/primary/extra_small,,,,,
https://dam.sothebys.com/dam/image/lot/0f6ae29a-9f9b-467a-8039-b50a74be00fc/primary/extra_small,,,,,
https://dam.sothebys.com/dam/image/lot/16cf5bbf-18d8-4bd5-8c9c-a3ab9f1a85a5/primary/extra_small,,,,,
https://dam.sothebys.com/dam/image/lot/332d95c3-1e8b-41b5-9aa1-e37486744a07/primary/extra_small,,,,,
https://dam.sothebys.com/dam/image/lot/6ac7f31b-9984-4fa5-8831-d665b5975980/primary/extra_small,,,,,
https://dam.sothebys.com/dam/image/lot/5a2da168-048c-4ee8-82ba-5708c7c7c52f/primary/extra_small,,,,,
https://dam.sothebys.com/dam/image/lot/ab82a59b-e893-4a01-bd4d-4fc697b499a0/primary/extra_small,,,,,
https://dam.sothebys.com/dam/image/lot/d8b4b8ec-9e35-4bed-8198-ee5886aaccfe/primary/extra_small,,,,,
https://dam.sothebys.com/dam/image/lot/13755fa4-3a1d-4e43-926b-f7b9fb948031/primary/extra_small,,,,,
https://dam.sothebys.com/dam/image/lot/ea5a76b1-cbd6-4d0f-91d9-225e726df297/primary/extra_small,,,,,
https://dam.sothebys.com/dam/image/lot/4c8c9d86-678e-4e29-be36-44b28688ba5f/primary/extra_small,,,,,
https://dam.sothebys.com/dam/image/lot/0462cdd6-95c3-4100-b3da-ee50a7cd916b/primary/extra_small,,,,,
https://dam.sothebys.com/dam/image/lot/6ddc1f55-de13-41fe-bb9d-ea36b80b23bc/primary/extra_small,,,,,
https://dam.sothebys.com/dam/image/lot/e72e6e2d-4c0b-479a-a23e-c68e14200974/primary/extra_small,,,,,
https://dam.sothebys.com/dam/image/lot/99f95a76-aae6-4abd-a5f5-61fb23142568/primary/extra_small,,,,,
https://dam.sothebys.com/dam/image/lot/f9211b77-1183-463d-956a-13f7b6694f21/primary/extra_small,,,,,
https://dam.sothebys.com/dam/image/lot/ea411b88-efc6-4e21-b869-e8279b119784/primary/extra_small,,,,,
https://dam.sothebys.com/dam/image/lot/583856c3-d028-479b-994b-f97a2758213c/primary/extra_small,,,,,
https://dam.sothebys.com/dam/image/lot/5ddc64be-0090-4f5e-975a-44463739b303/primary/extra_small,,,,,
https://dam.sothebys.com/dam/image/lot/3b1d0e63-582b-4756-9cf5-6e730ba66503/primary/extra_small,,,,,
https://dam.sothebys.com/dam/image/lot/b874aec5-6e7c-4376-93ec-69f10a5e6b61/primary/extra_small,,,,,
https://dam.sothebys.com/dam/image/lot/e72d0f7a-82c3-4b1e-b4db-3664791f3ba5/primary/extra_small,,,,,
https://dam.sothebys.com/dam/image/lot/07819a5f-c938-4087-adc5-e783d053670b/primary/extra_small,,,,,
https://dam.sothebys.com/dam/image/lot/e4eb6fb9-077e-429d-af40-e9154ee6ade3/primary/extra_small,,,,,
https://dam.sothebys.com/dam/image/lot/17c31e6c-52d8-404a-a392-e2875266a7d9/primary/extra_small,,,,,
https://dam.sothebys.com/dam/image/lot/b71f7149-3ea2-46c6-ab79-f51661537dff/primary/extra_small,,,,,
https://dam.sothebys.com/dam/image/lot/97eab2b1-796c-45d2-9fe8-5e7436c96691/primary/extra_small,,,,,
https://dam.sothebys.com/dam/image/lot/6e0c1b04-ff7a-4795-aa52-6ed5798392b6/primary/extra_small,,,,,
https://dam.sothebys.com/dam/image/lot/b80b34e7-94f9-4695-8c5e-a1bd3e679cc6/primary/extra_small,,,,,
https://dam.sothebys.com/dam/image/lot/075c67e6-0ba0-473d-9b86-68b7ee05aee6/primary/extra_small,,,,,
https://dam.sothebys.com/dam/image/lot/34ed70dd-33e4-43d0-ab3b-bf36e54aacd6/primary/extra_small,,,,,
https://dam.sothebys.com/dam/image/lot/753d3f59-06ff-451e-8159-3a8e24701a88/primary/extra_small,,,,,
https://dam.sothebys.com/dam/image/lot/b47a2513-71c0-4b5d-ad16-d49cbeb2a605/primary/extra_small,,,,,
https://dam.sothebys.com/dam/image/lot/eecfff35-b74e-45f3-a3f4-a2354e6b606c/primary/extra_small,,,,,
https://dam.sothebys.com/dam/image/lot/76954df9-8309-4def-9f19-4160bf72373f/primary/extra_small,,,,,
https://dam.sothebys.com/dam/image/lot/7b65f8c1-3154-4410-b544-d12df7b98872/primary/extra_small,,,,,
https://dam.sothebys.com/dam/image/lot/527678d4-8ec6-4d1b-8edf-d9938028fef8/primary/extra_small,,,,,
https://dam.sothebys.com/dam/image/lot/2586aa06-bd42-4781-bd7e-91c506ecf597/primary/extra_small,,,,,
https://dam.sothebys.com/dam/image/lot/a399e8cc-ff3d-4bf9-95b1-7f5e8dc889fd/primary/extra_small,,,,,
https://dam.sothebys.com/dam/image/lot/0307e4d8-4d8c-4ba6-9e4f-7a546f5a1b3f/primary/extra_small,,,,,
https://dam.sothebys.com/dam/image/lot/5df1724d-322e-4c6e-a127-a84bf4809d66/primary/extra_small,,,,,
https://dam.sothebys.com/dam/image/lot/4151dfaf-1381-4e67-b8bc-b62cac33fed0/primary/extra_small,,,,,
https://dam.sothebys.com/dam/image/lot/a89886b4-4295-45cb-bcc3-759e58723dd7/primary/extra_small,,,,,
https://dam.sothebys.com/dam/image/lot/36518cec-2223-40f0-b4d6-3132d496e906/primary/extra_small,,,,,
https://dam.sothebys.com/dam/image/lot/bed0a219-1269-4d8b-aa0d-97996f295658/primary/extra_small,,,,,
https://dam.sothebys.com/dam/image/lot/3809ec1a-0409-4b47-bd6c-aaa53b792cb9/primary/extra_small,,,,,
https://dam.sothebys.com/dam/image/lot/4c3ed3ed-ce0b-4c71-854e-0ba2d866ca9c/primary/extra_small,,,,,
https://dam.sothebys.com/dam/image/lot/ad617a73-b73b-4e98-a24e-5df9872e5d35/primary/extra_small,,,,,
https://dam.sothebys.com/dam/image/lot/90ba6683-b0af-453f-86d8-880beb05c916/primary/extra_small,,,,,
https://dam.sothebys.com/dam/image/lot/dbfa980b-5fc1-45be-9f4c-0d60c78b7473/primary/extra_small,,,,,
https://dam.sothebys.com/dam/image/lot/2158635d-69d7-4f33-881e-a4eb61effd2c/primary/extra_small,,,,,
https://dam.sothebys.com/dam/image/lot/96e34e05-ac1f-4112-8880-809264085069/primary/extra_small,,,,,
https://dam.sothebys.com/dam/image/lot/f3a66fc5-546f-4aba-9bee-c3306223d2e9/primary/extra_small,,,,,
https://dam.sothebys.com/dam/image/lot/205683a2-8814-4c52-92d8-f5eb3623f6f5/primary/extra_small,,,,,
https://dam.sothebys.com/dam/image/lot/69008c8c-93d1-439a-a3b4-693efd832505/primary/extra_small,,,,,
https://dam.sothebys.com/dam/image/lot/c3196105-0ae7-451a-927d-b5d23833f095/primary/extra_small,,,,,
https://dam.sothebys.com/dam/image/lot/24cbfa5a-1045-4252-af86-ea8dc94dfb9e/primary/extra_small,,,,,
https://dam.sothebys.com/dam/image/lot/ee950f0b-1727-4be0-803e-8032953fbfd5/primary/extra_small,,,,,
https://dam.sothebys.com/dam/image/lot/20c9c18b-83b5-4531-8731-2d16319bae76/primary/extra_small,,,,,
https://dam.sothebys.com/dam/image/lot/754aeb16-6b40-40d6-816e-cc06c768455b/primary/extra_small,,,,,
https://dam.sothebys.com/dam/image/lot/6eaf8f66-63b1-465e-84d0-78416888af8c/primary/extra_small,,,,,
https://dam.sothebys.com/dam/image/lot/f794988f-64b0-4de6-ac1b-8193e51777e7/primary/extra_small,,,,,
https://dam.sothebys.com/dam/image/lot/7409c0f3-c5f9-421e-9059-73f6da551bd3/primary/extra_small,,,,,
https://dam.sothebys.com/dam/image/lot/a7327ef2-922d-4caf-8574-f588aa86030d/primary/extra_small,,,,,
https://dam.sothebys.com/dam/image/lot/ca45391f-9a08-42fd-b7aa-4eff812e5deb/primary/extra_small,,,,,
https://dam.sothebys.com/dam/image/lot/a5c1fbdb-5933-44d0-8e95-43a794542cb1/primary/extra_small,,,,,
https://dam.sothebys.com/dam/image/lot/29f5dfb4-b6eb-419b-aa50-bebdbd78d394/primary/extra_small,,,,,
https://dam.sothebys.com/dam/image/lot/7f7f7965-d457-4ee8-8500-f36aa0ed2744/primary/extra_small,,,,,
https://dam.sothebys.com/dam/image/lot/d5171342-a8fb-470c-bf94-25b4e7690f05/primary/extra_small,,,,,
https://dam.sothebys.com/dam/image/lot/9ba8a7a3-81ad-4e76-99c7-4d4f3bfce6a3/primary/extra_small,,,,,
https://dam.sothebys.com/dam/image/lot/ba511cdb-26eb-4363-9bf4-a8e50d13ae53/primary/extra_small,,,,,
https://dam.sothebys.com/dam/image/lot/e3be083d-2d48-403d-9aff-e3f5ab12f21f/primary/extra_small,,,,,
https://dam.sothebys.com/dam/image/lot/14c30fea-dcac-4771-b686-32e2d36a1c7e/primary/extra_small,,,,,
https://dam.sothebys.com/dam/image/lot/eec1d2fa-0550-459d-bd86-2e6e6ab02025/primary/extra_small,,,,,
https://dam.sothebys.com/dam/image/lot/0f354a41-0166-4df6-ae4a-ebfa93fcc451/primary/extra_small,,,,,
https://dam.sothebys.com/dam/image/lot/ef79df34-c515-4a68-8295-1553425e3723/primary/extra_small,,,,,
https://dam.sothebys.com/dam/image/lot/3482a3aa-55f0-49d7-b5de-8f7f7e116f33/primary/extra_small,,,,,
https://dam.sothebys.com/dam/image/lot/9bf8f451-189c-44bb-a2a1-9b923baeca9f/primary/extra_small,,,,,
https://dam.sothebys.com/dam/image/lot/f4066a4e-d65a-448e-b510-6c4bf04435d9/primary/extra_small,,,,,
https://dam.sothebys.com/dam/image/lot/004648a2-0783-45ef-af2a-d469d8f2be83/primary/extra_small,,,,,
https://dam.sothebys.com/dam/image/lot/acb421c0-fd33-4b53-9a00-be2792a65e99/primary/extra_small,,,,,
https://dam.sothebys.com/dam/image/lot/573bc93f-bc9c-4871-8759-0a566d9b2581/primary/extra_small,,,,,
https://dam.sothebys.com/dam/image/lot/feb225af-8fdc-4a39-8666-99ec6650045e/primary/extra_small,,,,,
https://dam.sothebys.com/dam/image/lot/6c2cf7e2-f17c-4e17-a4f8-165b0a4da775/primary/extra_small,,,,,
https://dam.sothebys.com/dam/image/lot/352a6cb6-1388-42b4-9113-327f5d344746/primary/extra_small,,,,,
https://dam.sothebys.com/dam/image/lot/c79cf7ca-b5cd-4881-8596-793467b68fa1/primary/extra_small,,,,,
https://dam.sothebys.com/dam/image/lot/802dcab3-429a-4e41-9069-8121af70bb62/primary/extra_small,,,,,
https://dam.sothebys.com/dam/image/lot/ab9abeaa-593b-48f5-80e1-e5206457118a/primary/extra_small,,,,,
https://dam.sothebys.com/dam/image/lot/63ea28c7-8c27-450a-aa64-aedb991e0259/primary/extra_small,,,,,
https://dam.sothebys.com/dam/image/lot/a301371c-bcdf-4040-b1b3-dbf073f01cc3/primary/extra_small,,,,,
https://dam.sothebys.com/dam/image/lot/7d1bd608-6d38-4bbf-ae6d-aa9575d30d0a/primary/extra_small,,,,,
https://dam.sothebys.com/dam/image/lot/6bbeaa79-84d0-4fe8-8d29-a063dacfc8c2/primary/extra_small,,,,,
https://dam.sothebys.com/dam/image/lot/f77f0d95-6d6c-45f6-887e-5e9bf632f625/primary/extra_small,,,,,
https://dam.sothebys.com/dam/image/lot/3a586099-4280-4761-9824-556ce01dc0cb/primary/extra_small,,,,,
https://dam.sothebys.com/dam/image/lot/75d087d0-3e7a-4970-8f19-77845810e15c/primary/extra_small,,,,,
https://dam.sothebys.com/dam/image/lot/dd4aa8ae-b0ac-4f81-90ab-96f305b6b8b6/primary/extra_small,,,,,
https://dam.sothebys.com/dam/image/lot/f329ed34-c5b9-4f56-859f-d2e3a82cc544/primary/extra_small,,,,,
https://dam.sothebys.com/dam/image/lot/33e9e4b2-218d-4ac6-a30f-61ec0c5e9ed3/primary/extra_small,,,,,
https://dam.sothebys.com/dam/image/lot/17710135-da95-4dea-a6b7-3cf0f004dc3e/primary/extra_small,,,,,
https://dam.sothebys.com/dam/image/lot/f9dfcccd-1ba8-460f-bb2c-dfe41803af64/primary/extra_small,,,,,
https://dam.sothebys.com/dam/image/lot/1458aca8-85fd-4c64-bfe1-92b4e710e89c/primary/extra_small,,,,,
https://dam.sothebys.com/dam/image/lot/98dabf0e-e7df-4d81-baef-91d55ffbfae4/primary/extra_small,,,,,
https://dam.sothebys.com/dam/image/lot/4ff8d414-a62b-4a4b-af0f-0e574ab3fbc4/primary/extra_small,,,,,
https://dam.sothebys.com/dam/image/lot/44a8418c-ff52-4850-84c1-8c320f3d911d/primary/extra_small,,,,,
https://dam.sothebys.com/dam/image/lot/1d6ad989-15f1-4376-b733-5dbd424ede17/primary/extra_small,,,,,
https://dam.sothebys.com/dam/image/lot/c3bca801-be7a-4665-86a8-e7a57ad78b2a/primary/extra_small,,,,,
https://dam.sothebys.com/dam/image/lot/abe179fd-ed65-48cb-a0c3-56b9e3ffcaef/primary/extra_small,,,,,
https://dam.sothebys.com/dam/image/lot/3bcaf728-dc39-4982-a730-696b22b6a309/primary/extra_small,,,,,
https://dam.sothebys.com/dam/image/lot/5e341d10-666c-4637-ba38-e3af7fa5e8d6/primary/extra_small,,,,,
https://dam.sothebys.com/dam/image/lot/c1132bc7-9421-4ee2-bb61-9e555411e41c/primary/extra_small,,,,,
https://dam.sothebys.com/dam/image/lot/88111901-edc9-4d4a-afb4-04dd1c897fb9/primary/extra_small,,,,,
https://dam.sothebys.com/dam/image/lot/3bb8221a-c0e4-499f-aaf9-25f24aa339a9/primary/extra_small,,,,,
https://dam.sothebys.com/dam/image/lot/b1342699-9ddf-4c5e-be24-a91ef7539c8d/primary/extra_small,,,,,
https://dam.sothebys.com/dam/image/lot/24b0c094-bff9-45dd-837d-b3ccc98f4594/primary/extra_small,,,,,
https://dam.sothebys.com/dam/image/lot/6c2c374c-ec2b-4202-8fe0-277a494efdb8/primary/extra_small,,,,,
https://dam.sothebys.com/dam/image/lot/3f7a551e-6fa1-4ccc-b63a-bfa7abf37f02/primary/extra_small,,,,,
https://dam.sothebys.com/dam/image/lot/5cee3671-587c-4585-86c9-d9b1aaac8868/primary/extra_small,,,,,
https://dam.sothebys.com/dam/image/lot/e2edf138-f14a-420f-ad78-b392ab13a61f/primary/extra_small,,,,,
https://dam.sothebys.com/dam/image/lot/48432d6f-335b-4e3f-b360-e614b234eeb3/primary/extra_small,,,,,
https://dam.sothebys.com/dam/image/lot/d78de9c5-ba21-4bfc-a74c-15cc242ad6a9/primary/extra_small,,,,,
https://dam.sothebys.com/dam/image/lot/9339bb6e-b1b4-40b0-b697-0df5de90af15/primary/extra_small,,,,,
https://dam.sothebys.com/dam/image/lot/22bd6394-d520-4112-b4fe-978e6247dcec/primary/extra_small,,,,,
https://dam.sothebys.com/dam/image/lot/e08fe9e8-65af-463a-967e-72193df8b61b/primary/extra_small,,,,,
https://dam.sothebys.com/dam/image/lot/6b8bfaf1-eaf1-4209-a548-ca9376382a65/primary/extra_small,,,,,
https://dam.sothebys.com/dam/image/lot/25ae1f11-67f3-4e00-9549-f890ff130df3/primary/extra_small,,,,,
https://dam.sothebys.com/dam/image/lot/601f45ef-3ad8-484a-9099-802eb1653b48/primary/extra_small,,,,,
https://dam.sothebys.com/dam/image/lot/ddf5223f-9671-436d-954c-fe411f6ebfb3/primary/extra_small,,,,,
https://dam.sothebys.com/dam/image/lot/a4ef9811-b04a-4c26-ac66-38f969470553/primary/extra_small,,,,,
https://dam.sothebys.com/dam/image/lot/39a3dc74-3413-4f76-afd8-63dcc17ae497/primary/extra_small,,,,,
https://dam.sothebys.com/dam/image/lot/e814a027-e807-443b-bc26-034f035956d3/primary/extra_small,,,,,
https://dam.sothebys.com/dam/image/lot/49c4c255-4014-4934-b456-a8ac949fd44a/primary/extra_small,,,,,
https://dam.sothebys.com/dam/image/lot/8b778126-8aa9-44e2-bfa7-74541ae170f1/primary/extra_small,,,,,
https://dam.sothebys.com/dam/image/lot/06fd2b8e-4b9e-4a6e-9ebe-43f4fd712530/primary/extra_small,,,,,
https://dam.sothebys.com/dam/image/lot/cf59d49c-43de-411b-95f5-4d2c6ebba13a/primary/extra_small,,,,,
https://dam.sothebys.com/dam/image/lot/712845e2-7d3d-4c2a-a1fc-23babee61501/primary/extra_small,,,,,
https://dam.sothebys.com/dam/image/lot/20df89a7-64d9-44ef-9491-c9b6578fc069/primary/extra_small,,,,,
https://dam.sothebys.com/dam/image/lot/2889dceb-5d91-443b-baad-2091a1408e33/primary/extra_small,,,,,
https://dam.sothebys.com/dam/image/lot/5a673553-51d2-43fa-a71d-582f7a2d33d2/primary/extra_small,,,,,
https://dam.sothebys.com/dam/image/lot/7ec1cafa-381f-44ae-ab8a-653705ecf714/primary/extra_small,,,,,
https://dam.sothebys.com/dam/image/lot/e939e723-b2f9-4d67-8371-b45b06be23ad/primary/extra_small,,,,,
https://dam.sothebys.com/dam/image/lot/fe15e587-dac1-49fb-8a87-533515df9693/primary/extra_small,,,,,
https://dam.sothebys.com/dam/image/lot/0168725e-8f40-4e3c-a784-4b53e9ea54e3/primary/extra_small,,,,,
https://dam.sothebys.com/dam/image/lot/9a937bdb-abab-48b5-bcfd-ddb81c6d02b9/primary/extra_small,,,,,
https://dam.sothebys.com/dam/image/lot/e742d45f-bc69-4cd7-b0e1-6fe55060748a/primary/extra_small,,,,,
https://dam.sothebys.com/dam/image/lot/e07430b1-d2af-479d-8edc-2e3960545313/primary/extra_small,,,,,
https://dam.sothebys.com/dam/image/lot/ee5560e1-335d-4e88-8b45-059aeb771288/primary/extra_small,,,,,
https://dam.sothebys.com/dam/image/lot/5d4d36cc-e671-45c7-b240-9ece66a78f83/primary/extra_small,,,,,
https://dam.sothebys.com/dam/image/lot/446e7f47-41ba-4c56-8916-6cb5fa8690b4/primary/extra_small,,,,,
https://dam.sothebys.com/dam/image/lot/22a8d214-db3b-415b-8e0b-dd7f4366962d/primary/extra_small,,,,,
https://dam.sothebys.com/dam/image/lot/a2485698-21f2-4c57-998d-595c381ce048/primary/extra_small,,,,,
https://dam.sothebys.com/dam/image/lot/e9d220c8-35f5-4e43-88be-06674bf61852/primary/extra_small,,,,,
https://dam.sothebys.com/dam/image/lot/7dd81954-2cac-44dd-896f-314a04a5bf16/primary/extra_small,,,,,
https://dam.sothebys.com/dam/image/lot/1921f25b-0bd4-409c-a7ee-da012cf0b8e5/primary/extra_small,,,,,
https://dam.sothebys.com/dam/image/lot/cb8cbb3c-f821-4605-8842-e6d972257018/primary/extra_small,,,,,
https://dam.sothebys.com/dam/image/lot/618602f8-91cb-40cd-8925-775da331d1bb/primary/extra_small,,,,,
https://dam.sothebys.com/dam/image/lot/18001e5e-8d61-4ddc-860f-b6f49bc961bb/primary/extra_small,,,,,
https://dam.sothebys.com/dam/image/lot/2e7484e6-d304-4463-a4c6-4f562dd6918f/primary/extra_small,,,,,
https://dam.sothebys.com/dam/image/lot/c5fbdaf6-533b-49f8-b4b1-cb6f2989b85f/primary/extra_small,,,,,
https://dam.sothebys.com/dam/image/lot/838a8946-708e-4b5a-9f15-064830fab535/primary/extra_small,,,,,
https://dam.sothebys.com/dam/image/lot/c5a2dc64-5c67-4aa4-956a-a94a0c40afb0/primary/extra_small,,,,,
https://dam.sothebys.com/dam/image/lot/f7978e69-4a74-4c6b-977c-844804e23722/primary/extra_small,,,,,
https://dam.sothebys.com/dam/image/lot/9510f9ef-9d34-414e-a65f-83d97fa22687/primary/extra_small,,,,,
https://dam.sothebys.com/dam/image/lot/d593842c-d6ab-4463-839c-fa0dce38e1dd/primary/extra_small,,,,,
https://dam.sothebys.com/dam/image/lot/cb674736-d26d-456f-9374-538cfdd8203c/primary/extra_small,,,,,
https://dam.sothebys.com/dam/image/lot/dc6d502c-66ef-4ee7-b143-66bea7d945b7/primary/extra_small,,,,,
https://dam.sothebys.com/dam/image/lot/22cf286c-d0eb-4a3e-8b04-4d0b93ad17c9/primary/extra_small,,,,,
https://dam.sothebys.com/dam/image/lot/7a2ca406-7b83-4d4c-9579-aaddb013533a/primary/extra_small,,,,,
https://dam.sothebys.com/dam/image/lot/63cd3a53-1a61-478a-bb54-dd9e4de67445/primary/extra_small,,,,,
https://dam.sothebys.com/dam/image/lot/64f53885-1166-4d42-b5e8-593d1d09733a/primary/extra_small,,,,,
https://dam.sothebys.com/dam/image/lot/2067b921-e03f-4a38-8096-f5e016c785fc/primary/extra_small,,,,,
https://dam.sothebys.com/dam/image/lot/ef7ce2e8-bf31-4a82-b050-45bd77073197/primary/extra_small,,,,,
https://dam.sothebys.com/dam/image/lot/2a2c8283-718e-4fd9-be11-e12dac529bdb/primary/extra_small,,,,,
https://dam.sothebys.com/dam/image/lot/07b87bb2-86bb-4845-bbb6-efad441fd49b/primary/extra_small,,,,,
https://dam.sothebys.com/dam/image/lot/939d6460-3fbe-4986-9baa-9d6a071ea3d6/primary/extra_small,,,,,
https://dam.sothebys.com/dam/image/lot/4c4a9697-64bc-4e69-b151-078cd4594154/primary/extra_small,,,,,
https://dam.sothebys.com/dam/image/lot/37c2f41b-171c-4371-8c6e-86b79c5b1855/primary/extra_small,,,,,
https://dam.sothebys.com/dam/image/lot/e49d37ed-7666-48f3-aa96-e21b17237bf2/primary/extra_small,,,,,
https://dam.sothebys.com/dam/image/lot/a74e2e7b-fb8a-412c-b565-b562992fdac5/primary/extra_small,,,,,
https://dam.sothebys.com/dam/image/lot/3412d7cf-4e1e-4d4e-a1f9-3166df4ed268/primary/extra_small,,,,,
https://dam.sothebys.com/dam/image/lot/748cdf4d-0541-454d-b848-694a56cd9b6b/primary/extra_small,,,,,
https://dam.sothebys.com/dam/image/lot/57dfbd0e-ffb7-473d-99d9-42fa5a5ce145/primary/extra_small,,,,,
https://dam.sothebys.com/dam/image/lot/f0934f45-74c1-40bf-b5bc-fbeb4a50ac08/primary/extra_small,,,,,
https://dam.sothebys.com/dam/image/lot/e4aec66c-a0d6-4822-8cf0-b2d1cb14d3a8/primary/extra_small,,,,,
https://dam.sothebys.com/dam/image/lot/6afe11e3-56df-4bc6-a5fe-4e81bda0df50/primary/extra_small,,,,,
https://dam.sothebys.com/dam/image/lot/98bbb1b2-4f09-43b5-bc73-ecb732ead094/primary/extra_small,,,,,
https://dam.sothebys.com/dam/image/lot/2f8951d7-ad60-43df-b14e-fd09d9828e81/primary/extra_small,,,,,
https://dam.sothebys.com/dam/image/lot/25de195d-5de1-4088-a82c-e60c73e36692/primary/extra_small,,,,,
https://dam.sothebys.com/dam/image/lot/967fa1c0-c772-4013-afa8-2a144e5b2b38/primary/extra_small,,,,,
https://dam.sothebys.com/dam/image/lot/3dea0637-9004-49eb-be5d-56c7119a5482/primary/extra_small,,,,,
https://dam.sothebys.com/dam/image/lot/a3a7588c-e901-4421-8626-d283a8d06994/primary/extra_small,,,,,
https://dam.sothebys.com/dam/image/lot/8d1a9beb-5e46-4e74-9126-4f9455448b5d/primary/extra_small,,,,,
https://dam.sothebys.com/dam/image/lot/c9381950-d559-42e1-8276-db1c6b489b5c/primary/extra_small,,,,,
https://dam.sothebys.com/dam/image/lot/0ec5117c-9f42-4ff9-bee0-0320ffd3e0f4/primary/extra_small,,,,,
https://dam.sothebys.com/dam/image/lot/4054d8f2-c260-4b11-8e32-598aa4f1aca6/primary/extra_small,,,,,
https://dam.sothebys.com/dam/image/lot/ff020ae7-0760-4225-a52e-b053cbd1caed/primary/extra_small,,,,,
https://dam.sothebys.com/dam/image/lot/ef960163-9f56-4727-a7da-5bda1f58b67d/primary/extra_small,,,,,
https://dam.sothebys.com/dam/image/lot/2e3797b7-5549-47e1-8ef5-59414ed491d9/primary/extra_small,,,,,
https://dam.sothebys.com/dam/image/lot/952f30db-c771-451f-8c5b-4b8501437e04/primary/extra_small,,,,,
https://dam.sothebys.com/dam/image/lot/f98c6d78-3f2b-42cd-85bd-9960ffd3ee44/primary/extra_small,,,,,
https://dam.sothebys.com/dam/image/lot/d1673c55-dd85-4c90-aa1c-efdb2dd4f66d/primary/extra_small,,,,,
https://dam.sothebys.com/dam/image/lot/78bbcca4-2ddf-46e4-b280-043b45ff7228/primary/extra_small,,,,,
https://dam.sothebys.com/dam/image/lot/fea0b0d1-d96f-43c5-9d54-b255ccfbf3bf/primary/extra_small,,,,,
https://dam.sothebys.com/dam/image/lot/374ae5ed-919f-4ccf-bed5-3cae9d10f024/primary/extra_small,,,,,
https://dam.sothebys.com/dam/image/lot/ba11c010-9ed0-44ba-9125-4453d85e74d6/primary/extra_small,,,,,
https://dam.sothebys.com/dam/image/lot/b3360088-f94e-4e20-8659-d141ef1d155d/primary/extra_small,,,,,
https://dam.sothebys.com/dam/image/lot/80c9f780-1c37-479a-ae54-eabdd2e177f5/primary/extra_small,,,,,
https://dam.sothebys.com/dam/image/lot/4cbb3f52-4e08-4632-a559-47685af77b69/primary/extra_small,,,,,
https://dam.sothebys.com/dam/image/lot/19ef1bb3-fbd8-4779-b105-80231061342d/primary/extra_small,,,,,
https://dam.sothebys.com/dam/image/lot/b9e708cf-ae12-4a27-9a89-72dd836dba9f/primary/extra_small,,,,,
https://dam.sothebys.com/dam/image/lot/9f2ae0a7-3acc-450b-a1c3-9e8ffe549814/primary/extra_small,,,,,
https://dam.sothebys.com/dam/image/lot/28b83d34-afee-4fc7-95e5-937acfa7e33f/primary/extra_small,,,,,
https://dam.sothebys.com/dam/image/lot/6105cb51-3a23-44fb-9a0d-20d78c396b74/primary/extra_small,,,,,
https://dam.sothebys.com/dam/image/lot/83689b6c-bf08-46b3-be60-555071e8c726/primary/extra_small,,,,,
https://dam.sothebys.com/dam/image/lot/d290fc3c-2d90-4d68-bb69-c71664ba6e6f/primary/extra_small,,,,,
https://dam.sothebys.com/dam/image/lot/afc4fb3d-fb41-4651-b446-e452390905ef/primary/extra_small,,,,,
https://dam.sothebys.com/dam/image/lot/32d4f41d-4fa9-4eae-a8bc-81f6d17c4ec4/primary/extra_small,,,,,
https://dam.sothebys.com/dam/image/lot/e6c36032-ac41-4001-9d96-b9432b655162/primary/extra_small,,,,,
https://dam.sothebys.com/dam/image/lot/64ad61b5-9ef2-42dc-8b22-02e5e68814de/primary/extra_small,,,,,
https://dam.sothebys.com/dam/image/lot/6fa41067-bbf9-49f9-bd4b-4a2b68b1b897/primary/extra_small,,,,,
https://dam.sothebys.com/dam/image/lot/5b52cc58-a486-4bda-82c9-ad85c343e112/primary/extra_small,,,,,
https://dam.sothebys.com/dam/image/lot/af0b4005-061f-4401-8cb7-ca74e7a1d1f1/primary/extra_small,,,,,
https://dam.sothebys.com/dam/image/lot/804dad8d-3d37-4721-9ce7-28a137f4d13e/primary/extra_small,,,,,
https://dam.sothebys.com/dam/image/lot/2ef839d7-6c75-4650-9224-aaa487a06642/primary/extra_small,,,,,
https://dam.sothebys.com/dam/image/lot/b6e609ef-07c8-4a02-a895-ef13ad483406/primary/extra_small,,,,,
https://dam.sothebys.com/dam/image/lot/beb90afa-2a78-4e8d-837e-0630750d4f0a/primary/extra_small,,,,,
https://dam.sothebys.com/dam/image/lot/c100467e-8901-45e4-9560-6ca026da49c0/primary/extra_small,,,,,
https://dam.sothebys.com/dam/image/lot/061086e1-ca95-4635-af7e-7f4a8ac58a54/primary/extra_small,,,,,
https://dam.sothebys.com/dam/image/lot/85996e69-5882-43f1-af5f-ba8abb8bf963/primary/extra_small,,,,,
https://dam.sothebys.com/dam/image/lot/b93788eb-3af3-4daf-9ea0-cae2bd9fa066/primary/extra_small,,,,,
https://dam.sothebys.com/dam/image/lot/6db87d3e-b06f-4f6e-b092-770416643802/primary/extra_small,,,,,
https://dam.sothebys.com/dam/image/lot/92dd5f0f-ab69-407e-a9f5-9bc7c765befa/primary/extra_small,,,,,
https://dam.sothebys.com/dam/image/lot/e7bb9f48-f17a-4689-8859-3a97a5623238/primary/extra_small,,,,,
https://dam.sothebys.com/dam/image/lot/a4cb717b-2c2a-4f1f-9d8a-b04a8abed53d/primary/extra_small,,,,,
https://dam.sothebys.com/dam/image/lot/6647ef88-66f2-4247-9617-64012e62a965/primary/extra_small,,,,,
https://dam.sothebys.com/dam/image/lot/87e610cd-62f0-425f-b1f1-b3dd74833b49/primary/extra_small,,,,,
https://dam.sothebys.com/dam/image/lot/1b36e1ac-c1d0-4cac-8332-a083222d08ba/primary/extra_small,,,,,
https://dam.sothebys.com/dam/image/lot/76f07ce0-b564-49f9-98fe-5c671d6f0b81/primary/extra_small,,,,,
https://dam.sothebys.com/dam/image/lot/47c46b1d-f7b9-4d90-9600-a1688066e07a/primary/extra_small,,,,,
https://dam.sothebys.com/dam/image/lot/9ba80fa8-6790-4f37-b0f0-7446b5e39d1b/primary/extra_small,,,,,
https://dam.sothebys.com/dam/image/lot/9835cda2-a20e-48a9-857d-7e201dde2cda/primary/extra_small,,,,,
https://dam.sothebys.com/dam/image/lot/811301b9-7bef-4528-8a58-84525c9f09b2/primary/extra_small,,,,,
https://dam.sothebys.com/dam/image/lot/3dfd33c6-1e54-4f00-beb8-668460838c6d/primary/extra_small,,,,,
https://dam.sothebys.com/dam/image/lot/179b957e-9f81-4dba-8c03-ffe4faddbe91/primary/extra_small,,,,,
https://dam.sothebys.com/dam/image/lot/1a3ac4d0-5b7c-44ed-b82f-6fcdafd84b1b/primary/extra_small,,,,,
https://dam.sothebys.com/dam/image/lot/1e164f6b-606c-4cf4-ba36-fa2eaa63f8df/primary/extra_small,,,,,
https://dam.sothebys.com/dam/image/lot/87706637-8bf8-41c1-b11c-e2e5f49db6fe/primary/extra_small,,,,,
https://dam.sothebys.com/dam/image/lot/274900bf-5b98-4c64-b19a-837bffa1a080/primary/extra_small,,,,,
https://dam.sothebys.com/dam/image/lot/376227f1-b2d6-4eed-8bfb-fe967650d54c/primary/extra_small,,,,,
https://dam.sothebys.com/dam/image/lot/8e23a9e4-6170-4b31-9e68-88228f6704ec/primary/extra_small,,,,,
https://dam.sothebys.com/dam/image/lot/25e98440-8ec1-4a98-ba71-bae4d12bc1d3/primary/extra_small,,,,,
https://dam.sothebys.com/dam/image/lot/0766a6b8-4ae5-4d1e-ac8e-87c67fcec354/primary/extra_small,,,,,
https://dam.sothebys.com/dam/image/lot/7e2cf7ee-5735-43be-9cfe-b9e6cbe622b4/primary/extra_small,,,,,
https://dam.sothebys.com/dam/image/lot/2843197f-07ba-41ea-9806-4028ebd192ca/primary/extra_small,,,,,
